KLG,04:21,04:36,ABp,ABp,3,3,MF,1803,1,1
RNG,04:36,04:51,ABp,AB,3,3,MF,1803,1,2
PIL_TOG_HOLD_PIL_TOG,04:51,05:37,AB,AB,3,3,MF,1803_18,0,3
HOLD_PIL_TOG,05:37,07:08,AB,AR,3,3,MF,18,0,4
HOLD_PIL,07:08,07:15,AR,AR,3,3,MF,18,0,5
PERN_RNG_TAF,07:42,08:15,AR,ARp,3,3,MF,15,2,6
HOLD,09:09,09:13,ARp,ARp,3,3,MG,123,2,7
RNG,09:13,09:15,ARp,AR,3,3,MG,123,2,8
PIL_TOG,09:15,10:51,AR,AB,3,3,MG,123,0,9
RNG,10:51,11:11,AB,ABp,3,3,MG,123,1,10
KLG,04:30,04:45,ABp,ABp,3,3,MF,116,1,11
RNG,04:45,05:00,ABp,AB,3,3,MF,116,1,12
PIL_TOG,05:00,06:38,AB,AR,3,3,MF,116,0,13
HOLD_PIL,06:38,06:45,AR,AR,3,3,MF,116,0,14
HOLD_PIL_TOG,07:42,09:06,AR,AB,3,3,MF,15,0,15
PIL_TOG_HOLD_PIL_TOG,09:06,09:37,AB,AB,3,3,MF,15_34,0,16
RNG,09:51,10:11,AB,ABp,3,3,MF,117,1,17
HOLD,10:11,10:45,ABp,ABp,3,3,MF,140,1,18
KLG,05:25,05:45,ABp,ABp,3,3,MF,118,1,19
RNG,05:45,06:00,ABp,AB,3,3,MF,118,1,20
PIL_TOG,06:00,07:38,AB,AR,3,3,MF,118,0,21
PERN_RNG,08:12,08:35,AR,ARp,3,3,MF,117,2,22
HOLD,08:52,09:06,ARp,ARp,3,3,MF,26,2,23
RNG,09:06,09:08,ARp,AR,3,3,MF,26,2,24
PERN,09:08,09:15,AR,AR,3,3,MF,26,0,25
HOLD_PIL_TOG,10:12,11:51,AR,AB,3,3,MF,125,0,26
PIL_TOG_HOLD_PIL_TOG,05:51,06:37,AB,AB,3,3,MF,101_22,0,27
HOLD,06:37,06:45,AB,AB,3,3,MF,22,0,28
HOLD_PIL_TOG,07:37,09:08,AB,AR,3,3,MF,26,0,29
HOLD_PIL_TOG,09:42,11:06,AR,AB,3,3,MF,23,0,30
RNG,11:51,12:11,AB,ABp,3,3,MF,125,1,31
KLG,06:15,06:30,ABp,ABp,3,3,MF,22,1,32
RNG,06:30,06:45,ABp,AB,3,3,MF,22,1,33
PIL_TOG,06:45,08:08,AB,AR,3,3,MF,22,0,34
HOLD_PIL_TOG,08:08,09:17,AR,FA,3,3,MF,22,0,35
HOLD,09:17,09:18,FA,FA,3,3,MF,22,0,36
PIL_TOG,09:38,10:42,FA,AR,3,3,MF,27,0,37
HOLD_PIL_TOG,11:42,13:06,AR,AB,3,3,MF,31,0,38
HOLD_PIL_TOG,08:42,10:06,AR,AB,3,3,MF,19,0,39
PIL_TOG_HOLD_PIL_TOG,11:06,11:37,AB,AB,3,3,MF,23_42,0,40
HOLD_PIL_TOG,11:37,13:08,AB,AR,3,3,MF,42,0,41
HOLD_PIL,13:08,13:15,AR,AR,3,3,MF,42,0,42
HOLD_PIL_TOG,13:42,15:06,AR,AB,3,3,MF,39,0,43
HOLD_PIL_TOG,06:51,08:38,AB,AR,3,3,MF,124,0,44
HOLD_PIL_TOG,08:38,09:45,AR,FA,3,3,MF,124,0,45
HOLD,09:45,09:48,FA,FA,3,3,MF,124,0,46
PIL_TOG,11:38,12:42,FA,AR,3,3,MF,35,0,47
HOLD_PIL_TOG,12:42,14:06,AR,AB,3,3,MF,35,0,48
PIL_TOG_HOLD_PIL_TOG,14:06,14:37,AB,AB,3,3,MF,35_54,0,49
RNG,14:51,15:11,AB,ABp,3,3,MF,139,1,50
HOLD,15:11,15:30,ABp,ABp,3,3,MF,58,1,51
PIL_TOG,09:00,10:38,AB,AR,3,3,MF,132,0,52
HOLD_PIL_TOG,10:38,11:29,AR,VJ,3,3,MF,132,0,53
PIL_TOG,11:29,11:45,VJ,FA,3,3,MF,132,0,54
HOLD,11:45,11:48,FA,FA,3,3,MF,132,0,55
HOLD_PIL_TOG,13:06,13:26,FA,VJ,3,3,MF,141,0,56
PIL_TOG,13:26,14:12,VJ,AR,3,3,MF,141,0,57
HOLD_PIL_TOG,14:12,15:51,AR,AB,3,3,MF,141,0,58
RNG,17:06,17:26,AB,ABp,3,3,MF,47,1,59
HOLD,17:26,17:45,ABp,ABp,3,3,MF,168,1,60
HOLD,11:11,11:45,ABp,ABp,3,3,MG,142,1,61
RNG,11:45,12:00,ABp,AB,3,3,MG,142,1,62
PIL_TOG,12:00,13:38,AB,AR,3,3,MG,142,0,63
HOLD_PIL_TOG,14:08,15:17,AR,FA,3,3,MF,46,0,64
HOLD,15:17,15:18,FA,FA,3,3,MF,46,0,65
PIL_TOG,16:08,17:12,FA,AR,3,3,MF,155,0,66
HOLD_PIL_TOG,17:12,18:51,AR,AB,3,3,MF,155,0,67
RNG,18:51,19:11,AB,ABp,3,3,MF,155,1,68
F,19:11,19:31,ABp,ABp,3,3,MF,155,1,69
HOLD,19:31,19:45,ABp,ABp,3,3,MF,476,1,70
RNG,19:45,20:00,ABp,AB,3,3,MF,476,1,71
HOLD,12:11,12:45,ABp,ABp,3,3,MF,148,1,72
HOLD,13:11,13:45,ABp,ABp,3,3,MG,150,1,73
RNG,13:45,14:00,ABp,AB,3,3,MG,150,1,74
PIL_TOG,14:00,15:38,AB,AR,3,3,MG,150,0,75
HOLD_PIL_TOG,16:42,18:06,AR,AB,3,3,MF,51,0,76
PIL_TOG_HOLD_PIL_TOG,18:06,18:37,AB,AB,3,3,MF,51_70,0,77
RNG,12:45,13:00,ABp,AB,3,3,MF,148,1,78
PIL_TOG,13:00,14:38,AB,AR,3,3,MF,148,0,79
HOLD_PIL,14:38,14:45,AR,AR,3,3,MF,148,0,80
HOLD_PIL_TOG,15:12,16:51,AR,AB,3,3,MF,147,0,81
RNG,17:45,18:00,ABp,AB,3,3,MF,168,1,82
PIL_TOG,18:00,19:38,AB,AR,3,3,MF,168,0,83
PIL_TOG_HOLD_PIL_TOG,13:06,13:37,AB,AB,3,3,MF,31_50,0,84
HOLD_PIL_TOG,13:37,15:08,AB,AR,3,3,MF,50,0,85
HOLD_PIL,15:08,15:15,AR,AR,3,3,MF,50,0,86
PERN_TOG,16:38,17:45,AR,FA,3,3,MF,156,0,87
PIL_TOG,18:08,19:12,FA,AR,3,3,MF,163,0,88
HOLD_PIL_TOG,19:12,20:51,AR,AB,3,3,MF,163,0,89
RNG_TAF,20:51,21:21,AB,ABp,3,3,MF,163,1,90
RNG,13:51,14:11,AB,ABp,3,3,MF,133,1,91
HOLD,14:11,14:45,ABp,ABp,3,3,MF,156,1,92
RNG,14:45,15:00,ABp,AB,3,3,MF,156,1,93
PIL_TOG,15:00,16:38,AB,AR,3,3,MF,156,0,94
HOLD_PIL,16:38,16:45,AR,AR,3,3,MF,156,0,95
HOLD_PIL_TOG,17:38,18:45,AR,FA,3,3,MF,160,0,96
HOLD_PIL_TOG,19:06,20:12,FA,AR,3,3,MF,165,0,97
HOLD_PIL_TOG,20:12,21:51,AR,AB,3,3,MF,165,0,98
RNG,15:30,15:45,ABp,AB,3,3,MF,58,1,99
PIL_TOG,15:45,17:08,AB,AR,3,3,MF,58,0,100
HOLD_PIL_TOG,17:42,19:06,AR,AB,3,3,MF,55,0,101
PIL_TOG,20:00,21:38,AB,AR,3,3,MF,476,0,102
HOLD_PIL_TOG,17:08,18:17,AR,FA,3,3,MF,58,0,103
PIL_TOG,18:38,19:42,FA,AR,3,3,MF,63,0,104
PERN_RNG_TAF,20:42,21:15,AR,ARp,3,3,MF,67,2,105
HOLD_PIL_TOG,15:51,17:38,AB,AR,3,3,MF,160,0,106
HOLD_PIL_TOG,18:42,20:06,AR,AB,3,3,MF,59,0,107
PIL_TOG_HOLD_PIL_TOG,20:06,21:01,AB,AB,3,3,MF,59_180,0,108
RNG_F_IRG_TAF,21:51,22:51,AB,ABp,3,3,MF,165,1,109
HOLD_PIL_TOG,16:37,18:08,AB,AR,3,3,MF,62,0,110
HOLD_PIL_TOG,18:08,19:17,AR,FA,3,3,MF,62,0,111
HOLD,19:17,19:18,FA,FA,3,3,MF,62,0,112
PIL_TOG,20:08,21:12,FA,AR,3,3,MF,171,0,113
HOLD_PIL_TOG,21:12,22:51,AR,AB,3,3,MF,171,0,114
HOLD_PIL_TOG,16:51,18:38,AB,AR,3,3,MF,164,0,115
HOLD_PIL_TOG,18:38,19:45,AR,FA,3,3,MF,164,0,116
HOLD_PIL_TOG,21:06,22:12,FA,AR,3,3,MF,173,0,117
HOLD_PIL_TOG,22:12,23:51,AR,AB,3,3,MF,173,0,118
RNG_F_IRG_TAF,23:51,00:51,AB,ABp,3,4,MF,173,1,119
PIL_TOG_HOLD_PIL_TOG,22:51,00:01,AB,AB,3,4,MF,171_192,0,120
PIL_TOG,00:01,01:38,AB,AR,4,4,MF,192,0,121
RNG_VENT_F_IRG_TAF,01:38,02:39,AR,ARp,4,4,MF,192,2,122
KLG,03:45,04:00,ARp,ARp,4,4,MF,101,2,123
RNG,04:00,04:15,ARp,AR,4,4,MF,101,2,124
PIL_TOG,04:15,05:51,AR,AB,4,4,MF,101,0,125
PIL_TOG,04:10,05:17,AR,FA,3,3,MF,6,0,126
HOLD_PIL,05:17,05:23,FA,FA,3,3,MF,6,0,127
HOLD_PIL_TOG,06:06,07:12,FA,AR,3,3,MF,113,0,128
HOLD_PIL_TOG,07:12,08:51,AR,AB,3,3,MF,113,0,129
HOLD_PIL_TOG,09:37,11:08,AB,AR,3,3,MF,34,0,130
KLG,05:08,05:38,ARp,ARp,3,3,MG,3314,2,131
RNG,05:38,05:53,ARp,AR,3,3,MG,3314,2,132
PIL_TOG,05:53,07:08,AR,FA,3,3,MG,3314,0,133
PIL_TOG,07:08,08:18,FA,ES,3,3,MG,3314,0,134
HOLD_PIL_TOG,09:18,10:46,ES,FA,3,3,MG,3331,0,135
PIL_TOG,10:46,12:02,FA,AR,3,3,MG,3331,0,136
KLG,05:14,05:29,ARp,ARp,3,3,MF,7,2,137
RNG,05:29,05:44,ARp,AR,3,3,MF,7,2,138
PIL_TOG,05:44,07:06,AR,AB,3,3,MF,7,0,139
PIL_TOG_HOLD_PIL_TOG,07:06,07:37,AB,AB,3,3,MF,7_26,0,140
RNG,08:51,09:11,AB,ABp,3,3,MF,113,1,141
F,09:11,09:31,ABp,ABp,3,3,MF,113,1,142
HOLD,09:31,09:45,ABp,ABp,3,3,MF,134,1,143
RNG,09:45,10:00,ABp,AB,3,3,MF,134,1,144
PIL_TOG,10:00,11:38,AB,AR,3,3,MF,134,0,145
KLG,05:33,05:53,ARp,ARp,3,3,MF,14,2,146
RNG,05:53,06:08,ARp,AR,3,3,MF,14,2,147
PERN_TOG,06:08,07:00,AR,VJ,3,3,MF,14,0,148
PIL_TOG,07:00,07:17,VJ,FA,3,3,MF,14,0,149
HOLD,07:17,07:18,FA,FA,3,3,MF,14,0,150
PIL_TOG,07:38,08:42,FA,AR,3,3,MF,19,0,151
PERN_RNG,08:42,08:52,AR,ARp,3,3,MF,19,2,152
HOLD,09:52,10:06,ARp,ARp,3,3,MF,30,2,153
RNG,10:06,10:08,ARp,AR,3,3,MF,30,2,154
PERN,10:08,10:15,AR,AR,3,3,MF,30,0,155
PERN_RNG,10:42,10:52,AR,ARp,3,3,MF,27,2,156
HOLD,10:52,11:06,ARp,ARp,3,3,MF,34,2,157
RNG,11:06,11:08,ARp,AR,3,3,MF,34,2,158
PERN,11:08,11:15,AR,AR,3,3,MF,34,0,159
PERN_RNG,11:42,11:52,AR,ARp,3,3,MF,31,2,160
HOLD,11:52,12:06,ARp,ARp,3,3,MF,38,2,161
RNG,12:06,12:08,ARp,AR,3,3,MF,38,2,162
RNG,05:35,05:50,ARp,AR,3,3,MG,312,2,163
KLG,06:53,07:08,ARp,ARp,3,3,MF,2920,2,164
RNG,07:08,07:23,ARp,AR,3,3,MF,2920,2,165
RNG_TAF,08:02,08:32,AR,ARp,3,3,MG,3315,2,166
V,08:52,09:07,ARp,ARp,3,3,MG,2917,2,167
HOLD,09:07,09:38,ARp,ARp,3,3,MG,3330,2,168
HOLD,10:22,10:38,ARp,ARp,3,3,MF,3334,2,169
PIL_TOG,05:15,06:51,AR,AB,3,3,MF,105,0,170
HOLD_PIL_TOG,07:51,09:38,AB,AR,3,3,MF,126,0,171
HOLD_PIL_TOG,09:38,10:45,AR,FA,3,3,MF,126,0,172
HOLD_PIL_TOG,11:06,12:12,FA,AR,3,3,MF,133,0,173
KLG,05:40,06:00,ARp,ARp,3,3,MF,109,2,174
RNG,06:00,06:15,ARp,AR,3,3,MF,109,2,175
PIL_TOG,06:15,07:51,AR,AB,3,3,MF,109,0,176
PERN_RNG,07:51,08:20,AB,ABp,3,3,MF,109,1,177
F,08:20,08:40,ABp,ABp,3,3,MF,109,1,178
HOLD,08:40,08:45,ABp,ABp,3,3,MF,132,1,179
RNG,08:45,09:00,ABp,AB,3,3,MF,132,1,180
PIL_TOG_HOLD_PIL_TOG,10:06,10:37,AB,AB,3,3,MF,19_38,0,181
HOLD_PIL_TOG,10:37,12:08,AB,AR,3,3,MF,38,0,182
HOLD_PIL,12:08,12:15,AR,AR,3,3,MF,38,0,183
PIL_TOG,05:34,06:40,AR,FA,3,3,MF,5753,0,184
HOLD_PIL_TOG,07:06,08:12,FA,AR,3,3,MF,117,0,185
HOLD_PIL_TOG,08:12,09:51,AR,AB,3,3,MF,117,0,186
RNG,10:45,11:00,ABp,AB,3,3,MF,140,1,187
PIL_TOG,11:00,12:38,AB,AR,3,3,MF,140,0,188
KLG,05:55,06:35,ARp,ARp,3,3,MG,316,2,189
RNG,06:35,06:50,ARp,AR,3,3,MG,316,2,190
RNG_F_V_IRG_TAF,07:02,08:17,AR,ARp,3,3,MG,3311,2,191
HOLD,08:35,08:38,ARp,ARp,3,3,MF,3326,2,192
RNG,08:38,08:53,ARp,AR,3,3,MF,3326,2,193
RNG_TAF,09:05,09:40,AR,ARp,3,3,MG,321,2,194
RNG,11:02,11:22,AR,ARp,3,3,MG,3327,2,195
HOLD,11:22,11:38,ARp,ARp,3,3,MG,3338,2,196
RNG,11:38,11:53,ARp,AR,3,3,MG,3338,2,197
KLG,06:08,06:38,ARp,ARp,3,3,MG,3318,2,198
RNG,06:38,06:53,ARp,AR,3,3,MG,3318,2,199
PIL_TOG,06:53,08:08,AR,FA,3,3,MG,3318,0,200
PIL_TOG,08:08,09:18,FA,ES,3,3,MG,3318,0,201
HOLD_PIL_TOG,10:18,11:46,ES,FA,3,3,MG,3335,0,202
PIL_TOG,11:46,13:02,FA,AR,3,3,MG,3335,0,203
PIL_TOG_TOG_PIL_TOG,05:50,08:34,AR,KH,3,3,MG,312,0,204
PIL_TOG,06:44,08:06,AR,AB,3,3,MF,11,0,205
PIL_TOG_HOLD_PIL_TOG,08:06,08:37,AB,AB,3,3,MF,11_30,0,206
HOLD_PIL_TOG,08:37,10:08,AB,AR,3,3,MF,30,0,207
HOLD_PIL_TOG,11:38,12:45,AR,FA,3,3,MF,134,0,208
RNG_TAF,12:45,13:10,FA,FAp,3,3,MF,134,4,209
KLG,13:43,13:58,FAp,FAp,3,3,MF,147,4,210
RNG,13:58,14:08,FAp,FA,3,3,MF,147,4,211
PIL_TOG,14:08,15:12,FA,AR,3,3,MF,147,0,212
PIL_TOG_TOG_PIL_TOG,06:50,09:34,AR,KH,3,3,MG,316,0,213
PERN_TOG,07:08,08:17,AR,FA,3,3,MF,18,0,214
HOLD_PIL_TOG,09:06,10:12,FA,AR,3,3,MF,125,0,215
HOLD_PIL_TOG,11:12,12:51,AR,AB,3,3,MG,131,0,216
RNG,12:51,13:11,AB,ABp,3,3,MG,131,1,217
PIL_TOG,07:23,08:38,AR,FA,3,3,MF,2920,0,218
PIL_TOG,09:46,11:02,FA,AR,3,3,MG,3327,0,219
RNG,13:02,13:22,AR,ARp,3,3,MG,3335,2,220
HOLD,13:22,13:38,ARp,ARp,3,3,MG,3346,2,221
RNG,13:38,13:53,ARp,AR,3,3,MG,3346,2,222
PIL_TOG,13:53,15:08,AR,FA,3,3,MG,3346,0,223
PERN_RNG_V_IRG_TAF,07:38,08:35,AR,ARp,3,3,MF,118,2,224
HOLD_PIL_TOG,09:08,10:17,AR,FA,3,3,MF,26,0,225
HOLD,10:17,10:18,FA,FA,3,3,MF,26,0,226
PIL_TOG,10:38,11:42,FA,AR,3,3,MF,31,0,227
HOLD_PIL_TOG,12:38,13:45,AR,FA,3,3,MF,140,0,228
HOLD,13:45,13:48,FA,FA,3,3,MF,140,0,229
PERN_RNG,15:12,15:35,AR,ARp,3,3,MF,147,2,230
HOLD_PIL_TOG,07:38,08:45,AR,FA,3,3,MF,118,0,231
RNG_V_IRG_TAF,08:45,09:35,FA,FAp,3,3,MF,118,4,232
RNG,09:58,10:08,FAp,FA,3,3,MG,131,4,233
PIL_TOG,10:08,11:12,FA,AR,3,3,MG,131,0,234
HOLD_PIL_TOG,12:12,13:51,AR,AB,3,3,MF,133,0,235
HOLD_PIL_TOG,14:37,16:08,AB,AR,3,3,MF,54,0,236
HOLD_PIL,16:08,16:15,AR,AR,3,3,MF,54,0,237
PERN_RNG,09:06,09:23,FA,FAp,3,3,ER,125,4,238
HOLD,09:23,09:38,FAp,FAp,3,3,ER,124,4,239
RNG,09:38,09:48,FAp,FA,3,3,ER,124,4,240
TAF,10:21,10:31,FAp,FAp,3,3,ER,129,4,241
RNG,12:06,12:21,FA,FAp,3,3,ER,137,4,242
HOLD,12:21,12:38,FAp,FAp,3,3,ER,136,4,243
PERN_RNG,13:06,13:23,FA,FAp,3,3,ER,141,4,244
HOLD,13:23,13:38,FAp,FAp,3,3,ER,140,4,245
RNG,13:38,13:48,FAp,FA,3,3,ER,140,4,246
RNG,14:06,14:21,FA,FAp,3,3,ER,145,4,247
HOLD,14:21,14:38,FAp,FAp,3,3,ER,144,4,248
KLG,09:04,09:19,ARp,ARp,3,3,MF,383,2,249
RNG,09:19,09:34,ARp,AR,3,3,MF,383,2,250
PIL_TOG,09:53,11:08,AR,FA,3,3,MG,3330,0,251
PIL_TOG,13:08,14:18,FA,ES,3,3,MG,3338,0,252
HOLD_PIL_TOG,14:18,15:46,ES,FA,3,3,MG,3351,0,253
PIL_TOG,15:46,17:02,FA,AR,3,3,MG,3351,0,254
PIL_TOG,11:08,12:18,FA,ES,3,3,MG,3330,0,255
HOLD_PIL_TOG,13:18,14:46,ES,FA,3,3,MF,3347,0,256
PIL_TOG,14:46,16:02,FA,AR,3,3,MF,3347,0,257
RNG,16:02,16:22,AR,ARp,3,3,MF,3347,2,258
HOLD,16:22,16:23,ARp,ARp,3,3,MF,156,2,259
RNG,16:23,16:38,ARp,AR,3,3,MF,156,2,260
HOLD_PIL_TOG,10:42,12:06,AR,AB,3,3,MF,27,0,261
PIL_TOG_HOLD_PIL_TOG,12:06,12:37,AB,AB,3,3,MF,27_46,0,262
HOLD_PIL_TOG,12:37,14:08,AB,AR,3,3,MF,46,0,263
KLG,15:38,15:53,ARp,ARp,3,3,MF,54,2,264
RNG,15:53,16:08,ARp,AR,3,3,MF,54,2,265
PERN_TOG,16:08,17:17,AR,FA,3,3,MF,54,0,266
HOLD,17:17,17:18,FA,FA,3,3,MF,54,0,267
PIL_TOG,17:38,18:42,FA,AR,3,3,MF,59,0,268
PERN_RNG_TAF,18:42,19:15,AR,ARp,3,3,MF,59,2,269
PIL_TOG,11:53,13:08,AR,FA,3,3,MG,3338,0,270
RNG,15:38,15:53,FA,FAp,3,3,MF,2948,4,271
RNG_TAF,16:36,17:01,FA,FAp,3,3,MG,2952,4,272
PERN_TOG,12:08,13:17,AR,FA,3,3,MF,38,0,273
HOLD,13:17,13:18,FA,FA,3,3,MF,38,0,274
PIL_TOG,13:38,14:42,FA,AR,3,3,MF,43,0,275
HOLD_PIL_TOG,14:42,16:06,AR,AB,3,3,MF,43,0,276
PIL_TOG_HOLD_PIL_TOG,16:06,16:37,AB,AB,3,3,MF,43_62,0,277
RNG,17:51,18:11,AB,ABp,3,3,MF,149,1,278
HOLD,18:11,18:45,ABp,ABp,3,3,MF,472,1,279
RNG,18:45,19:00,ABp,AB,3,3,MF,472,1,280
PIL_TOG,19:00,20:38,AB,AR,3,3,MF,472,0,281
HOLD_PIL_TOG,14:14,15:20,FA,AR,3,3,MF,386,0,282
RNG,15:20,15:40,AR,ARp,3,3,MF,386,2,283
F_V,15:40,16:15,ARp,ARp,3,3,MF,386,2,284
KLG,12:55,13:35,ARp,ARp,3,3,MG,344,2,285
RNG,13:35,13:50,ARp,AR,3,3,MG,344,2,286
RNG,15:05,15:25,AR,ARp,3,3,MG,345,2,287
HOLD,15:25,15:38,ARp,ARp,3,3,MG,3354,2,288
RNG,15:38,15:53,ARp,AR,3,3,MG,3354,2,289
RNG_F_IRG_TAF,17:02,18:02,AR,ARp,3,3,MG,3351,2,290
RNG_TAF,19:05,19:40,AR,ARp,3,3,MG,361,2,291
KLG,13:04,13:19,ARp,ARp,3,3,MF,385,2,292
RNG,13:19,13:34,ARp,AR,3,3,MF,385,2,293
PIL_TOG,13:34,14:40,AR,FA,3,3,MF,385,0,294
PIL_TOG,14:40,15:42,FA,TE,3,3,MF,385,0,295
PIL_TOG,15:42,15:53,TE,PA,3,3,MF,385,0,296
HOLD_PIL_TOG,17:00,17:14,PA,TE,3,3,MF,384,0,297
PIL_TOG,17:14,18:14,TE,FA,3,3,MF,384,0,298
HOLD_PIL_TOG,18:14,19:20,FA,AR,3,3,MF,384,0,299
PERN_RNG_VENT_V_IRG_TAF,19:42,20:52,AR,ARp,3,3,MF,63,2,300
PIL_TOG,12:53,14:08,AR,FA,3,3,MG,3342,0,301
PIL_TOG,14:08,15:18,FA,ES,3,3,MG,3342,0,302
HOLD_PIL_TOG,15:18,16:46,ES,FA,3,3,MG,3355,0,303
RNG_TAF,17:38,18:03,FA,FAp,3,3,MF,2956,4,304
PIL_TOG,19:46,21:02,FA,AR,3,3,MG,3367,0,305
RNG,21:02,21:22,AR,ARp,3,3,MG,3367,2,306
PERN_TOG,13:08,14:17,AR,FA,3,3,MF,42,0,307
PIL_TOG,14:38,15:42,FA,AR,3,3,MF,47,0,308
HOLD_PIL_TOG,15:42,17:06,AR,AB,3,3,MF,47,0,309
TAF,18:11,18:21,ABp,ABp,3,3,MF,149,1,310
PIL_TOG_HOLD_PIL_TOG,19:06,19:37,AB,AB,3,3,MF,55_74,0,311
HOLD_PIL_TOG,19:37,21:08,AB,AR,3,3,MF,74,0,312
HOLD_PIL_TOG,13:12,14:51,AR,AB,3,3,MF,139,0,313
PIL_TOG_HOLD_PIL_TOG,15:06,15:37,AB,AB,3,3,MF,39_58,0,314
HOLD,15:37,15:45,AB,AB,3,3,MF,58,0,315
PIL_TOG_HOLD_PIL_TOG,17:06,17:37,AB,AB,3,3,MF,47_66,0,316
HOLD_PIL_TOG,17:37,19:08,AB,AR,3,3,MF,66,0,317
HOLD_PIL_TOG,19:08,20:17,AR,FA,3,3,MF,66,0,318
HOLD,20:17,20:18,FA,FA,3,3,MF,66,0,319
PIL_TOG,20:38,21:42,FA,AR,3,3,MF,71,0,320
HOLD_PIL_TOG,15:06,16:12,FA,AR,3,3,MF,149,0,321
HOLD_PIL_TOG,16:12,17:51,AR,AB,3,3,MF,149,0,322
HOLD_PIL_TOG,18:37,20:08,AB,AR,3,3,MF,70,0,323
HOLD_PIL_TOG,20:08,21:17,AR,FA,3,3,MF,70,0,324
HOLD,21:17,21:18,FA,FA,3,3,MF,70,0,325
PIL_TOG,21:38,21:56,FA,VJ,3,3,MF,75,0,326
PIL_TOG,21:56,22:42,VJ,AR,3,3,MF,75,0,327
HOLD,15:53,15:58,FAp,FAp,3,3,MF,155,4,328
RNG,15:58,16:08,FAp,FA,3,3,MF,155,4,329
HOLD_PIL_TOG,17:06,18:12,FA,AR,3,3,MF,157,0,330
HOLD_PIL_TOG,19:38,20:45,AR,FA,3,3,MF,168,0,331
PERN_RNG,21:06,21:23,FA,FAp,3,3,MF,173,4,332
HOLD_PIL_TOG,22:06,23:19,FA,AR,3,3,MF,177,0,333
PERN_RNG,14:42,14:52,AR,ARp,3,3,MF,43,2,334
HOLD,14:52,15:06,ARp,ARp,3,3,MF,50,2,335
RNG,15:06,15:08,ARp,AR,3,3,MF,50,2,336
PERN_TOG,15:08,16:17,AR,FA,3,3,MF,50,0,337
PIL_TOG,16:38,17:42,FA,AR,3,3,MF,55,0,338
PERN_RNG_TAF,17:42,18:15,AR,ARp,3,3,MF,55,2,339
HOLD_PIL_TOG,19:42,21:06,AR,AB,3,3,MF,63,0,340
PIL_TOG_HOLD_PIL_TOG,21:06,22:01,AB,AB,3,3,MF,63_184,0,341
PIL_TOG,22:01,23:38,AB,AR,3,3,MF,184,0,342
KLG,15:05,15:35,ARp,ARp,3,3,MG,352,2,343
RNG,15:35,15:50,ARp,AR,3,3,MG,352,2,344
RNG_TAF,17:05,17:40,AR,ARp,3,3,MG,353,2,345
RNG_VENT_F_V_IRG_TAF,19:20,20:37,AR,ARp,3,3,MF,384,2,346
RNG_V_IRG_TAF,21:42,22:37,AR,ARp,3,3,MF,71,2,347
PIL_TOG,14:53,16:08,AR,FA,3,3,MG,3350,0,348
PIL_TOG,16:08,17:18,FA,ES,3,3,MG,3350,0,349
HOLD_PIL_TOG,19:18,20:46,ES,FA,3,3,MG,3371,0,350
HOLD,21:23,21:35,FAp,FAp,3,3,MF,3391,4,351
RNG,21:35,21:45,FAp,FA,3,3,MF,3391,4,352
PIL_TOG,21:45,23:02,FA,AR,3,3,MF,3391,0,353
RNG,23:02,23:22,AR,ARp,3,3,MF,3391,2,354
HOLD,23:22,23:25,ARp,ARp,3,3,MF,3386,2,355
RNG,23:25,23:40,ARp,AR,3,3,MF,3386,2,356
HOLD_PIL_TOG,15:38,16:45,AR,FA,3,3,MG,150,0,357
RNG_TAF,16:45,17:10,FA,FAp,3,3,MG,150,4,358
V,17:23,17:38,FAp,FAp,3,3,MF,157,4,359
HOLD,17:38,17:58,FAp,FAp,3,3,MF,163,4,360
RNG,17:58,18:08,FAp,FA,3,3,MF,163,4,361
PIL_TOG,18:40,19:42,FA,TE,3,3,MF,5765,0,362
PIL_TOG,21:14,22:14,TE,FA,3,3,MF,5764,0,363
RNG_TAF,22:14,22:39,FA,FAp,3,3,MF,5764,4,364
HOLD_PIL_TOG,23:06,00:12,FA,AR,3,4,MF,181,0,365
RNG,16:08,16:23,ARp,AR,3,3,MF,2956,2,366
PIL_TOG,16:23,17:38,AR,FA,3,3,MF,2956,0,367
PIL_TOG,18:08,19:18,FA,ES,3,3,MG,3358,0,368
HOLD_PIL_TOG,20:32,21:48,ES,FA,3,3,ER,3375,0,369
HOLD_PIL_TOG,22:38,00:02,FA,AR,3,4,MF,3395,0,370
PIL_TOG,15:53,17:08,AR,FA,3,3,MG,3354,0,371
PIL_TOG,17:08,18:18,FA,ES,3,3,MG,3354,0,372
HOLD_PIL_TOG,18:18,19:46,ES,FA,3,3,MG,3367,0,373
PIL_TOG,20:46,22:02,FA,AR,3,3,MG,3371,0,374
RNG_TAF,22:42,23:12,AR,ARp,3,3,MF,75,2,375
RNG,17:15,17:18,FAp,FA,3,3,ER,54,4,376
PIL_TOG,17:18,17:50,FA,OD,3,3,ERMF,54,0,377
PIL_TOG,18:07,18:38,OD,FA,3,3,MF,63,0,378
RNG_TAF,19:06,19:31,FA,FAp,3,3,ER,165,4,379
PERN_RNG_TAF,20:38,21:03,FA,FAp,3,3,MF,71,4,380
RNG,21:15,21:18,FAp,FA,3,3,ER,70,4,381
PIL_TOG,21:18,21:50,FA,OD,3,3,ERMF,70,0,382
PIL_TOG,22:33,23:06,OD,FA,3,3,MF,181,0,383
PERN_RNG_TAF,16:42,17:15,AR,ARp,3,3,MF,51,2,384
HOLD_PIL_TOG,18:12,19:51,AR,AB,3,3,MF,157,0,385
RNG_TAF,19:51,20:21,AB,ABp,3,3,MF,157,1,386
PIL_TOG,21:01,22:38,AB,AR,3,3,MF,180,0,387
HOLD_PIL_TOG,22:38,23:45,AR,FA,3,3,MF,180,0,388
HOLD_PIL_TOG,00:14,01:19,FA,AR,4,4,MF,5766,0,389
HOLD_PIL_TOG,20:42,22:06,AR,AB,3,3,MF,67,0,390
PIL_TOG_HOLD_PIL_TOG,22:06,23:01,AB,AB,3,3,MF,67_488,0,391
PIL_TOG,23:01,00:38,AB,AR,3,4,MF,488,0,392
RNG_TAF,02:12,02:42,AR,ARp,4,4,MF,489,2,393
HOLD_PIL_TOG,23:19,00:56,AR,AB,3,4,MF,177,0,394
RNG_F_IRG_TAF,00:56,01:56,AB,ABp,4,4,MF,177,1,395
KLG,04:15,04:30,ABp,ABp,4,4,MF,14,1,396
RNG,04:30,04:45,ABp,AB,4,4,MF,14,1,397
PIL_TOG,04:45,06:08,AB,AR,4,4,MF,14,0,398
HOLD_PIL,06:08,06:15,AR,AR,4,4,MF,14,0,399
PIL_TOG,23:40,00:56,AR,FA,3,4,MF,3386,0,400
RNG_TAF,00:56,01:21,FA,FAp,4,4,MF,3386,4,401
HOLD_PIL_TOG,04:58,06:12,FA,AR,4,4,MF,409,0,402
RNG,06:12,06:19,AR,ARp,4,4,MF,409,2,403
HOLD,06:19,06:42,ARp,ARp,4,4,MF,11,2,404
RNG,06:42,06:44,ARp,AR,4,4,MF,11,2,405
HOLD_PIL_TOG,00:38,01:45,AR,FA,4,4,MF,488,0,406
HOLD_PIL_TOG,03:11,04:22,FA,AR,4,4,MF,403,0,407
KLG,04:55,05:35,ARp,ARp,4,4,MG,312,2,408
KLG,06:08,06:23,ARp,ARp,4,4,MF,116,2,409
RNG,06:23,06:38,ARp,AR,4,4,MF,116,2,410
PERN,06:38,06:45,AR,AR,4,4,MF,116,0,411
KLG,04:45,05:00,ARp,ARp,3,3,MF,105,2,412
RNG,05:00,05:15,ARp,AR,3,3,MF,105,2,413
KLG,05:45,06:00,ARp,ARp,3,3,MF,109,2,414
KLG,06:38,06:53,ARp,ARp,3,3,MF,18,2,415
RNG,06:53,07:08,ARp,AR,3,3,MF,18,2,416
RNG_F_V_IRG_TAF,09:14,10:29,AR,ARp,3,3,MF,5750,2,417
RNG,12:02,12:22,AR,ARp,3,3,MG,3331,2,418
HOLD,12:22,12:38,ARp,ARp,3,3,MG,3342,2,419
RNG,12:38,12:53,ARp,AR,3,3,MG,3342,2,420
KLG,14:08,14:38,ARp,ARp,3,3,MG,3350,2,421
RNG,14:38,14:53,ARp,AR,3,3,MG,3350,2,422
HOLD,15:35,16:08,ARp,ARp,3,3,MF,2956,2,423
KLG,19:08,19:38,ARp,ARp,3,3,MG,3370,2,424
RNG,19:38,19:53,ARp,AR,3,3,MG,3370,2,425
KLG,12:38,12:53,ARp,ARp,3,3,MF,42,2,426
RNG,12:53,13:08,ARp,AR,3,3,MF,42,2,427
KLG,14:08,14:23,ARp,ARp,3,3,MF,148,2,428
RNG,14:23,14:38,ARp,AR,3,3,MF,148,2,429
HOLD,16:15,17:19,ARp,ARp,3,3,MF,5765,2,430
RNG,17:19,17:34,ARp,AR,3,3,MF,5765,2,431
RNG_F_IRG_TAF,19:02,20:02,AR,ARp,3,3,MG,3359,2,432
HOLD,20:22,20:38,ARp,ARp,3,3,MG,3372,2,433
RNG,20:38,20:53,ARp,AR,3,3,MG,3372,2,434
RNG_F_V_IRG_TAF,22:02,23:17,AR,ARp,3,3,MG,3371,2,435
RNG_TAF,00:02,00:32,AR,ARp,4,4,MF,3395,2,436
RNG_F_IRG_TAF,21:08,22:08,AR,ARp,3,3,MF,74,2,437
RNG_TAF,23:38,00:08,AR,ARp,3,4,MF,184,2,438
RNG_TAF,00:12,00:42,AR,ARp,4,4,MF,181,2,439
RNG_F_IRG_TAF,01:19,02:19,AR,ARp,4,4,MF,5766,2,440
KLG,03:40,03:55,ARp,ARp,4,4,MF,6,2,441
RNG,03:55,04:10,ARp,AR,4,4,MF,6,2,442
RNG_TAF,04:22,04:52,AR,ARp,4,4,MF,403,2,443
KLG,05:04,05:19,ARp,ARp,4,4,MF,5753,2,444
RNG,05:19,05:34,ARp,AR,4,4,MF,5753,2,445
KLG_RNG,04:56,05:36,ESp,ES,3,3,MG,3315,3,446
PIL_TOG,05:36,06:46,ES,FA,3,3,MG,3315,0,447
PIL_TOG,06:46,08:02,FA,AR,3,3,MG,3315,0,448
PIL_TOG,08:53,10:08,AR,FA,3,3,MF,3326,0,449
PIL_TOG,10:08,11:18,FA,ES,3,3,MF,3326,0,450
KLG_RNG,04:57,05:22,ESp,ES,3,3,ER,810,3,451
PIL_TOG,05:22,06:48,ES,OD,3,3,ER,810,0,452
HOLD_PIL,06:48,06:56,OD,OD,3,3,ER,810,0,453
RNG_F_HOLD_RNG,08:32,09:22,ES,ES,3,3,ER,819_826,3,454
RNG_F_HOLD_RNG,10:32,11:22,ES,ES,3,3,ER,827_834,3,455
KLG_RNG,05:56,06:36,ESp,ES,3,3,MG,3319,3,456
PIL_TOG,06:36,07:46,ES,FA,3,3,MG,3319,0,457
PIL_TOG,07:46,09:02,FA,AR,3,3,MG,3319,0,458
RNG,09:02,09:09,AR,ARp,3,3,MG,3319,2,459
RNG,10:38,10:53,ARp,AR,3,3,MF,3334,2,460
PIL_TOG,10:53,12:08,AR,FA,3,3,MF,3334,0,461
PIL_TOG,12:08,13:18,FA,ES,3,3,MF,3334,0,462
HOLD_PIL_TOG,06:18,07:48,ES,OD,3,3,ER,814,0,463
HOLD,07:48,07:51,OD,OD,3,3,ER,814,0,464
HOLD_PIL_TOG,08:04,09:32,OD,ES,3,3,ER,823,0,465
PIL_TOG,10:22,11:48,ES,OD,3,3,ER,830,0,466
HOLD_PIL_TOG,12:04,13:32,OD,ES,3,3,ER,839,0,467
HOLD_PIL_TOG,07:18,08:48,ES,OD,3,3,ER,818,0,468
HOLD_PIL_TOG,08:48,10:31,OD,KH,3,3,ER,818,0,469
PIL_TOG,11:24,13:04,KH,OD,3,3,ER,843,0,470
HOLD_PIL_TOG,13:04,14:32,OD,ES,3,3,ER,843,0,471
RNG_F_HOLD_RNG,14:32,15:22,ES,ES,3,3,ER,843_850,3,472
RNG_F_HOLD_RNG,09:32,10:22,ES,ES,3,3,ER,823_830,3,473
RNG_F_HOLD_RNG,11:32,12:22,ES,ES,3,3,ER,831_838,3,474
PIL_TOG,12:22,13:48,ES,OD,3,3,ER,838,0,475
HOLD_PIL,13:48,13:56,OD,OD,3,3,ER,838,0,476
HOLD_PIL_TOG,15:04,16:32,OD,ES,3,3,ER,851,0,477
RNG_F_HOLD_RNG,16:32,17:22,ES,ES,3,3,ER,851_858,3,478
HOLD_PIL_TOG,11:18,12:46,ES,FA,3,3,MF,3339,0,479
PIL_TOG,12:46,14:02,FA,AR,3,3,MF,3339,0,480
RNG,14:02,14:09,AR,ARp,3,3,MF,3339,2,481
HOLD,14:09,14:21,ARp,ARp,3,3,MF,2948,2,482
RNG,14:21,14:23,ARp,AR,3,3,MF,2948,2,483
PIL_TOG,14:23,15:38,AR,FA,3,3,MF,2948,0,484
RNG_F_HOLD_RNG,13:32,14:22,ES,ES,3,3,ER,839_846,3,485
RNG_F_HOLD_RNG,15:32,16:22,ES,ES,3,3,ER,847_854,3,486
PIL_TOG,17:22,18:48,ES,OD,3,3,ER,858,0,487
HOLD_PIL_TOG,20:04,21:32,OD,ES,3,3,ER,871,0,488
PIL_TOG,15:22,16:48,ES,OD,3,3,ER,850,0,489
HOLD_PIL_TOG,16:48,18:31,OD,KH,3,3,ER,850,0,490
PIL_TOG,19:25,21:04,KH,OD,3,3,ER,875,0,491
HOLD_PIL_TOG,21:04,22:32,OD,ES,3,3,ER,875,0,492
RNG_TAF,22:32,22:57,ES,ESp,3,3,ER,875,3,493
RNG_F_HOLD_RNG,18:32,19:22,ES,ES,3,3,ER,859_866,3,494
RNG_F_HOLD_RNG,19:32,20:22,ES,ES,3,3,ER,863_870,3,495
HOLD_PIL_TOG,21:32,22:48,ES,FA,3,3,ER,3379,0,496
RNG,23:06,23:14,FA,FAp,3,3,MF,181,4,497
HOLD,23:14,23:15,FAp,FAp,3,3,MF,3390,4,498
RNG,23:15,23:18,FAp,FA,3,3,MF,3390,4,499
PIL_TOG,23:18,00:28,FA,ES,3,4,MF,3390,0,500
RNG_F_IRG_TAF,00:28,01:28,ES,ESp,4,4,MF,3390,3,501
KLG,04:01,04:26,FAp,FAp,3,3,ERMF,7004,4,502
RNG,04:26,04:36,FAp,FA,3,3,ERMF,7004,4,503
KLG,05:08,05:38,FAp,FAp,3,3,ERMF,108,4,504
RNG,05:38,05:48,FAp,FA,3,3,ERMF,108,4,505
PIL_TOG,05:48,06:23,FA,OD,3,3,ERMF,108,0,506
PIL_TOG,06:23,07:55,OD,KH,3,3,ERMF,108,0,507
KLG,04:15,04:30,FAp,FAp,3,3,MF,5751,4,508
RNG,04:30,04:40,FAp,FA,3,3,MF,5751,4,509
PIL_TOG,04:40,05:42,FA,TE,3,3,MF,5751,0,510
PIL_TOG,06:08,07:07,TE,FA,3,3,ER,914,0,511
RNG,07:07,07:15,FA,FAp,3,3,ER,914,4,512
HOLD_PIL_TOG,08:38,09:42,FA,TE,3,3,MF,5755,0,513
PIL_TOG,04:24,04:40,FA,KD,3,3,ER,7007,0,514
HOLD_PIL_TOG,04:40,05:48,KD,OD,3,3,ER,806,0,515
HOLD,05:48,05:51,OD,OD,3,3,ER,806,0,516
PIL_TOG,05:51,07:31,OD,KH,3,3,ER,806,0,517
PIL_TOG,08:25,10:04,KH,OD,3,3,ER,831,0,518
PERN_RNG,10:04,10:18,OD,ODp,3,3,ER,831,5,519
KLG,04:43,04:58,FAp,FAp,3,3,ER,3306,4,520
RNG,04:58,05:08,FAp,FA,3,3,ER,3306,4,521
PIL_TOG,05:08,06:18,FA,ES,3,3,ER,3306,0,522
KLG_RNG,07:11,07:36,ESp,ES,3,3,MF,3323,3,523
PIL_TOG,07:36,08:46,ES,FA,3,3,MF,3323,0,524
PIL_TOG,08:46,10:02,FA,AR,3,3,MF,3323,0,525
KLG,04:45,05:15,FAp,FAp,3,3,MG,4708,4,526
RNG,05:15,05:25,FAp,FA,3,3,MG,4708,4,527
PIL_TOG,05:25,06:16,FA,OD,3,3,MG,4708,0,528
PIL_TOG,07:11,08:01,OD,FA,3,3,MG,4721,0,529
RNG_TAF,08:01,08:26,FA,FAp,3,3,MG,4721,4,530
HOLD,08:49,09:15,FAp,FAp,3,3,ER,4724,4,531
RNG,09:15,09:25,FAp,FA,3,3,ER,4724,4,532
PIL_TOG,09:25,10:13,FA,OD,3,3,ER,4724,0,533
HOLD,10:13,10:43,OD,OD,3,3,ER,4733,0,534
PIL_TOG,10:43,11:30,OD,FA,3,3,ER,4733,0,535
PIL_TOG,04:36,05:11,FA,OD,3,3,ERMF,7004,0,536
HOLD_PIL_TOG,05:11,06:55,OD,KH,3,3,ERMF,104,0,537
HOLD_PIL_TOG_RNG,08:03,08:35,KH,CPHkak,3,3,MF,10,0,538
RNG_PIL_TOG,09:17,09:41,CPHkak,KH,3,3,ERMF,35,0,539
PIL_TOG,11:07,11:38,OD,FA,3,3,ERMF,35,0,540
KLG,05:05,05:35,FAp,FAp,3,3,MG,3311,4,541
RNG,05:58,06:08,FAp,FA,3,3,ER,3310,4,542
PIL_TOG,06:08,07:18,FA,ES,3,3,ER,3310,0,543
HOLD_PIL_TOG,08:18,09:46,ES,FA,3,3,MG,3327,0,544
PERN_TOG,05:17,05:50,FA,OD,3,3,ER_ERMF,6,0,545
PIL_TOG,05:50,07:03,OD,KH,3,3,ERMF,6,0,546
HOLD_PIL_TOG,07:55,09:33,KH,OD,3,3,ER,129,0,547
PIL_TOG,09:33,10:06,OD,FA,3,3,ER,129,0,548
RNG,10:06,10:21,FA,FAp,3,3,ER,129,4,549
HOLD,10:21,10:38,FAp,FAp,3,3,ER,128,4,550
RNG,10:38,10:48,FAp,FA,3,3,ER,128,4,551
RNG,11:07,11:15,FA,FAp,3,3,ER,930,4,552
RNG,11:15,11:18,FAp,FA,3,3,ER,30,4,553
KLG,11:52,12:07,FAp,FAp,3,3,MF,34,4,554
RNG,12:07,12:17,FAp,FA,3,3,MF,34,4,555
PERN,12:17,12:23,FA,FA,3,3,MF,34,0,556
RNG,05:35,05:45,FAp,FA,3,3,MG,3311,4,557
PIL_TOG,05:45,07:02,FA,AR,3,3,MG,3311,0,558
PIL_TOG,07:53,09:08,AR,FA,3,3,MG,3322,0,559
PIL_TOG,09:08,10:18,FA,ES,3,3,MG,3322,0,560
KLG,05:35,06:05,FAp,FAp,3,3,MG,2913,4,561
RNG,06:05,06:15,FAp,FA,3,3,MG,2913,4,562
PIL_TOG,06:15,07:32,FA,AR,3,3,MG,2913,0,563
RNG,07:32,07:39,AR,ARp,3,3,MG,2913,2,564
HOLD,07:39,07:51,ARp,ARp,3,3,MG,3322,2,565
RNG,07:51,07:53,ARp,AR,3,3,MG,3322,2,566
RNG,10:02,10:22,AR,ARp,3,3,MF,3323,2,567
KLG,06:25,07:05,ODp,ODp,3,3,MG,212,5,568
RNG,07:05,07:25,ODp,OD,3,3,MG,212,5,569
PIL_TOG,08:38,09:42,FA,AR,3,3,MF,23,0,570
PERN_RNG,09:42,09:52,AR,ARp,3,3,MF,23,2,571
HOLD_PIL_TOG,11:08,12:17,AR,FA,3,3,MF,34,0,572
KLG,06:21,06:51,ODp,ODp,3,3,MG,4721,5,573
RNG,06:51,07:11,ODp,OD,3,3,MG,4721,5,574
HOLD,08:18,08:38,ODp,ODp,3,3,ER,4725,5,575
RNG,08:38,08:43,ODp,OD,3,3,ER,4725,5,576
PIL_TOG,08:43,09:30,OD,FA,3,3,ER,4725,0,577
RNG,09:30,09:45,FA,FAp,3,3,ER,4725,4,578
V,09:45,10:00,FAp,FAp,3,3,ER,4725,4,579
HOLD,10:00,10:15,FAp,FAp,3,3,ER,2728,4,580
RNG,10:15,10:25,FAp,FA,3,3,ER,2728,4,581
PIL_TOG,10:25,11:20,FA,OD,3,3,ER,2728,0,582
PIL_TOG,11:35,12:34,OD,FA,3,3,ER,2737,0,583
KLG,05:38,05:53,FAp,FAp,3,3,ER,2710,4,584
RNG,05:53,06:03,FAp,FA,3,3,ER,2710,4,585
PIL_TOG,06:03,07:06,FA,OD,3,3,ER,2710,0,586
PIL_TOG_HOLD_PIL_TOG,07:06,07:43,OD,OD,3,3,ER,2710_2721,0,587
PIL_TOG,07:43,08:34,OD,FA,3,3,ER,2721,0,588
RNG,08:34,08:49,FA,FAp,3,3,ER,2721,4,589
RNG_F_V_IRG_TAF,10:14,11:24,FA,FAp,3,3,MF,5752,4,590
F,11:45,12:05,FAp,FAp,3,3,ER,4733,4,591
HOLD,12:05,12:15,FAp,FAp,3,3,ER,2736,4,592
RNG,12:15,12:25,FAp,FA,3,3,ER,2736,4,593
KLG,05:43,05:58,FAp,FAp,3,3,ER,3310,4,594
KLG,06:35,07:05,FAp,FAp,3,3,MG,2917,4,595
RNG,07:05,07:15,FAp,FA,3,3,MG,2917,4,596
PIL_TOG,07:15,08:32,FA,AR,3,3,MG,2917,0,597
RNG,08:32,08:52,AR,ARp,3,3,MG,2917,2,598
RNG,09:38,09:53,ARp,AR,3,3,MG,3330,2,599
HOLD_PIL_TOG,05:43,06:47,FA,TE,3,3,ER,911,0,600
PIL_TOG,06:47,07:22,TE,SDB,3,3,ER,911,0,601
HOLD_PIL_TOG,07:22,08:08,SDB,TE,3,3,ER,922,0,602
PIL_TOG,08:08,09:07,TE,FA,3,3,ER,922,0,603
RNG,09:07,09:15,FA,FAp,3,3,ER,922,4,604
KLG,09:28,09:58,FAp,FAp,3,3,MG,131,4,605
F,11:04,11:24,FAp,FAp,3,3,MF,126,4,606
HOLD,11:24,11:58,FAp,FAp,3,3,MF,139,4,607
RNG,11:58,12:08,FAp,FA,3,3,MF,139,4,608
PIL_TOG,06:18,06:50,FA,OD,3,3,MF,10,0,609
PIL_TOG,07:33,08:06,OD,FA,3,3,ER,121,0,610
RNG,08:06,08:14,FA,FAp,3,3,ER,121,4,611
RNG,09:15,09:18,FAp,FA,3,3,ER,22,4,612
PIL_TOG,09:18,09:50,FA,OD,3,3,ERMF,22,0,613
PIL_TOG,10:07,10:38,OD,FA,3,3,MF,31,0,614
KLG,12:23,12:38,FAp,FAp,3,3,ER,136,4,615
RNG,12:38,12:48,FAp,FA,3,3,ER,136,4,616
RNG,13:07,13:15,FA,FAp,3,3,ER,938,4,617
RNG,13:15,13:18,FAp,FA,3,3,ER,38,4,618
KLG,06:42,07:12,FAp,FAp,3,3,MG,4716,4,619
RNG,07:12,07:22,FAp,FA,3,3,MG,4716,4,620
PIL_TOG,07:22,08:13,FA,OD,3,3,MG,4716,0,621
RNG_TAF,08:13,08:43,OD,ODp,3,3,MG,4716,5,622
HOLD,10:18,10:38,ODp,ODp,3,3,ER,4733,5,623
RNG,10:38,10:43,ODp,OD,3,3,ER,4733,5,624
RNG,12:13,12:23,OD,ODp,3,3,ER,4732,5,625
HOLD,12:23,12:38,ODp,ODp,3,3,ER,4741,5,626
RNG,12:38,12:43,ODp,OD,3,3,ER,4741,5,627
PIL_TOG,12:43,13:30,OD,FA,3,3,ER,4741,0,628
RNG_TAF,13:30,13:55,FA,FAp,3,3,ER,4741,4,629
PIL_TOG,06:40,07:42,FA,TE,3,3,MF,5753,0,630
HOLD_PIL_TOG,09:38,10:47,FA,TE,3,3,ER,927,0,631
PIL_TOG,12:47,13:22,TE,SDB,3,3,ER,935,0,632
HOLD_PIL_TOG,13:22,14:08,SDB,TE,3,3,ER,946,0,633
PIL_TOG,14:08,15:07,TE,FA,3,3,ER,946,0,634
HOLD_PIL_TOG,07:38,08:47,FA,TE,3,3,ER,919,0,635
PIL_TOG,08:47,09:22,TE,SDB,3,3,ER,919,0,636
HOLD_PIL_TOG,09:22,10:08,SDB,TE,3,3,ER,930,0,637
PIL_TOG,10:08,11:07,TE,FA,3,3,ER,930,0,638
PIL_TOG,12:08,13:12,FA,AR,3,3,MF,139,0,639
HOLD_PIL_TOG,13:38,14:45,AR,FA,3,3,MG,142,0,640
RNG,14:45,15:00,FA,FAp,3,3,MG,142,4,641
HOLD,08:14,08:22,FAp,FAp,3,3,ER,2720,4,642
RNG,08:22,08:25,FAp,FA,3,3,ER,2720,4,643
PIL_TOG,08:25,09:20,FA,OD,3,3,ER,2720,0,644
RNG,09:20,09:30,OD,ODp,3,3,ER,2720,5,645
RNG,09:30,09:35,ODp,OD,3,3,ER,2729,5,646
PIL_TOG,09:35,10:30,OD,FA,3,3,ER,2729,0,647
RNG_VENT_F_V_IRG_TAF,11:30,13:00,FA,FAp,3,3,ER,4733,4,648
KLG,14:00,14:15,FAp,FAp,3,3,ER,2744,4,649
RNG,14:15,14:25,FAp,FA,3,3,ER,2744,4,650
PIL_TOG,14:25,15:29,FA,OD,3,3,ER,2744,0,651
HOLD_PIL_TOG,15:29,16:33,OD,FA,3,3,ER,2753,0,652
HOLD_PIL_TOG,12:18,13:46,ES,FA,3,3,MG,3343,0,653
PIL_TOG,13:46,15:02,FA,AR,3,3,MG,3343,0,654
RNG,15:02,15:09,AR,ARp,3,3,MG,3343,2,655
HOLD,15:09,15:19,ARp,ARp,3,3,MG,2952,2,656
RNG,15:19,15:21,ARp,AR,3,3,MG,2952,2,657
PIL_TOG,15:21,16:36,AR,FA,3,3,MG,2952,0,658
HOLD_PIL_TOG,11:04,12:32,OD,ES,3,3,ER,835,0,659
RNG_F_HOLD_RNG,12:32,13:22,ES,ES,3,3,ER,835_842,3,660
PIL_TOG,14:22,15:48,ES,OD,3,3,ER,846,0,661
HOLD_PIL,15:48,15:56,OD,OD,3,3,ER,846,0,662
PERN_RNG,17:04,17:18,OD,ODp,3,3,ER,859,5,663
PERN_TOG,12:48,14:31,OD,KH,3,3,ER,834,0,664
PIL_TOG,15:25,17:04,KH,OD,3,3,ER,859,0,665
HOLD_PIL_TOG,18:04,19:32,OD,ES,3,3,ER,863,0,666
PERN_RNG,13:04,13:28,OD,ODp,3,3,ER,843,5,667
RNG,13:28,13:48,ODp,OD,3,3,ER,838,5,668
PERN_TOG,13:48,15:31,OD,KH,3,3,ER,838,0,669
PIL_TOG,16:25,18:04,KH,OD,3,3,ER,863,0,670
PERN_RNG_TAF,18:04,18:43,OD,ODp,3,3,ER,863,5,671
PERN_RNG_F_IRG_TAF,19:04,20:08,OD,ODp,3,3,ER,867,5,672
PIL_TOG,12:25,13:20,FA,OD,3,3,ER,2736,0,673
RNG,13:20,13:30,OD,ODp,3,3,ER,2736,5,674
HOLD,13:30,13:33,ODp,ODp,3,3,ER,2745,5,675
RNG,13:33,13:38,ODp,OD,3,3,ER,2745,5,676
PIL_TOG,13:38,14:33,OD,FA,3,3,ER,2745,0,677
RNG,14:33,14:48,FA,FAp,3,3,ER,2745,4,678
HOLD,14:48,15:12,FAp,FAp,3,3,ER,4748,4,679
RNG,15:12,15:22,FAp,FA,3,3,ER,4748,4,680
PIL_TOG,15:22,16:13,FA,OD,3,3,ER,4748,0,681
HOLD,17:18,17:33,ODp,ODp,3,3,ER,2761,5,682
RNG,17:33,17:38,ODp,OD,3,3,ER,2761,5,683
PIL_TOG,17:38,18:33,OD,FA,3,3,ER,2761,0,684
RNG,18:33,18:48,FA,FAp,3,3,ER,2761,4,685
HOLD,18:48,19:15,FAp,FAp,3,3,ER,4764,4,686
RNG,19:15,19:25,FAp,FA,3,3,ER,4764,4,687
PIL_TOG,19:25,20:13,FA,OD,3,3,ER,4764,0,688
RNG,12:34,12:49,FA,FAp,3,3,ER,2737,4,689
HOLD,12:49,13:15,FAp,FAp,3,3,ER,4740,4,690
RNG,13:15,13:25,FAp,FA,3,3,ER,4740,4,691
PIL_TOG,13:25,14:16,FA,OD,3,3,ER,4740,0,692
RNG,14:16,14:26,OD,ODp,3,3,ER,4740,5,693
RNG,16:13,16:23,OD,ODp,3,3,ER,4748,5,694
HOLD,16:23,16:38,ODp,ODp,3,3,ER,4757,5,695
RNG,16:38,16:43,ODp,OD,3,3,ER,4757,5,696
PIL_TOG,16:43,17:30,OD,FA,3,3,ER,4757,0,697
RNG,17:30,17:45,FA,FAp,3,3,ER,4757,4,698
HOLD,17:45,18:15,FAp,FAp,3,3,ER,2760,4,699
RNG,18:15,18:25,FAp,FA,3,3,ER,2760,4,700
PIL_TOG,18:25,19:20,FA,OD,3,3,ER,2760,0,701
RNG,19:20,19:30,OD,ODp,3,3,ER,2760,5,702
RNG,19:30,19:35,ODp,OD,3,3,ER,2769,5,703
PIL_TOG,19:35,20:30,OD,FA,3,3,ER,2769,0,704
PIL_TOG,12:38,13:42,FA,AR,3,3,MF,39,0,705
PERN_RNG,13:42,13:52,AR,ARp,3,3,MF,39,2,706
HOLD,13:52,14:06,ARp,ARp,3,3,MF,46,2,707
RNG,14:06,14:08,ARp,AR,3,3,MF,46,2,708
PERN,14:08,14:15,AR,AR,3,3,MF,46,0,709
PERN_TOG,14:38,15:45,AR,FA,3,3,MF,148,0,710
HOLD_PIL_TOG,17:38,18:47,FA,TE,3,3,ER,959,0,711
PIL_TOG,18:47,19:22,TE,SDB,3,3,ER,959,0,712
HOLD_PIL_TOG,19:22,20:08,SDB,TE,3,3,ER,970,0,713
PIL_TOG,20:08,21:07,TE,FA,3,3,ER,970,0,714
RNG,21:07,21:15,FA,FAp,3,3,ER,970,4,715
HOLD,14:26,14:43,ODp,ODp,3,3,ER,842,5,716
RNG,14:43,14:48,ODp,OD,3,3,ER,842,5,717
PERN_TOG,14:48,16:31,OD,KH,3,3,ER,842,0,718
PIL_TOG,17:25,19:04,KH,OD,3,3,ER,867,0,719
HOLD_PIL_TOG,19:04,20:32,OD,ES,3,3,ER,867,0,720
PIL_TOG,13:48,14:23,FA,OD,3,3,ERMF,140,0,721
RNG,16:06,16:21,FA,FAp,3,3,ER,153,4,722
HOLD,16:21,16:38,FAp,FAp,3,3,ER,152,4,723
RNG,16:38,16:48,FAp,FA,3,3,ER,152,4,724
PERN_RNG_VENT,17:06,17:38,FA,FAp,3,3,MF,157,4,725
V,17:38,17:53,FAp,FAp,3,3,MF,157,4,726
HOLD,17:53,18:07,FAp,FAp,3,3,MF,58,4,727
RNG,18:07,18:17,FAp,FA,3,3,MF,58,4,728
PERN,18:17,18:23,FA,FA,3,3,MF,58,0,729
RNG,19:07,19:15,FA,FAp,3,3,ER,962,4,730
RNG,19:15,19:18,FAp,FA,3,3,ER,62,4,731
PIL_TOG,19:18,19:50,FA,OD,3,3,ERMF,62,0,732
PIL_TOG,20:07,20:38,OD,FA,3,3,MF,71,0,733
KLG,14:23,14:38,FAp,FAp,3,3,ER,144,4,734
RNG,14:38,14:48,FAp,FA,3,3,ER,144,4,735
RNG,15:07,15:15,FA,FAp,3,3,ER,946,4,736
RNG,15:15,15:18,FAp,FA,3,3,ER,46,4,737
PIL_TOG,15:18,15:50,FA,OD,3,3,ERMF,46,0,738
RNG_F_IRG_TAF,17:23,18:48,OD,ODp,3,3,MG,261,5,739
PIL_TOG,19:38,20:42,FA,AR,3,3,MF,67,0,740
HOLD_PIL_TOG,21:38,22:45,AR,FA,3,3,MF,476,0,741
HOLD,22:45,22:48,FA,FA,3,3,MF,476,0,742
PERN_RNG,15:04,15:28,OD,ODp,3,3,ER,851,5,743
RNG,15:28,15:48,ODp,OD,3,3,ER,846,5,744
PERN_TOG,15:48,17:31,OD,KH,3,3,ER,846,0,745
PIL_TOG,18:25,20:04,KH,OD,3,3,ER,871,0,746
PERN_RNG_F_IRG_TAF,20:04,21:08,OD,ODp,3,3,ER,871,5,747
RNG_TAF,21:48,22:18,OD,ODp,3,3,ER,870,5,748
HOLD,15:00,15:05,FAp,FAp,3,3,MG,2949,4,749
RNG,15:05,15:15,FAp,FA,3,3,MG,2949,4,750
PIL_TOG,15:15,16:32,FA,AR,3,3,MG,2949,0,751
RNG,16:32,16:39,AR,ARp,3,3,MG,2949,2,752
HOLD,16:39,16:51,ARp,ARp,3,3,MG,3358,2,753
RNG,16:51,16:53,ARp,AR,3,3,MG,3358,2,754
PIL_TOG,16:53,18:08,AR,FA,3,3,MG,3358,0,755
PIL_TOG,19:08,20:18,FA,ES,3,3,MG,3362,0,756
RNG_V_IRG_TAF,20:18,21:13,ES,ESp,3,3,MG,3362,3,757
PIL_TOG,15:08,16:18,FA,ES,3,3,MG,3346,0,758
HOLD_PIL_TOG,16:18,17:46,ES,FA,3,3,MG,3359,0,759
PIL_TOG,17:46,19:02,FA,AR,3,3,MG,3359,0,760
PIL_TOG,19:53,21:08,AR,FA,3,3,MG,3370,0,761
PIL_TOG,21:08,22:18,FA,ES,3,3,MG,3370,0,762
HOLD_PIL_TOG,22:18,23:48,ES,FA,3,3,MG,3383,0,763
KLG,15:35,16:05,FAp,FAp,3,3,MG,2953,4,764
RNG,16:05,16:15,FAp,FA,3,3,MG,2953,4,765
PIL_TOG,16:15,17:32,FA,AR,3,3,MG,2953,0,766
RNG,17:32,17:39,AR,ARp,3,3,MG,2953,2,767
HOLD,17:39,17:51,ARp,ARp,3,3,MG,3362,2,768
RNG,17:51,17:53,ARp,AR,3,3,MG,3362,2,769
PIL_TOG,17:53,19:08,AR,FA,3,3,MG,3362,0,770
PIL_TOG,20:08,21:18,FA,ES,3,3,MG,3366,0,771
RNG_F_V_IRG_TAF,21:18,22:33,ES,ESp,3,3,MG,3366,3,772
PERN_RNG_TAF,16:37,17:07,OD,ODp,3,3,MF,397,5,773
PERN_RNG,18:38,18:56,FA,FAp,3,3,MF,63,4,774
V,18:56,19:11,FAp,FAp,3,3,MF,63,4,775
HOLD,19:11,19:58,FAp,FAp,3,3,MF,171,4,776
RNG,19:58,20:08,FAp,FA,3,3,MF,171,4,777
HOLD_PIL_TOG,21:38,22:47,FA,TE,3,3,ER,975,0,778
PIL_TOG,23:14,00:14,TE,FA,3,4,MF,5766,0,779
HOLD_PIL_TOG,17:18,18:46,ES,FA,3,3,MG,3363,0,780
PIL_TOG,18:46,20:02,FA,AR,3,3,MG,3363,0,781
RNG,20:02,20:22,AR,ARp,3,3,MG,3363,2,782
HOLD,21:22,21:38,ARp,ARp,3,3,MG,3378,2,783
RNG,21:38,21:53,ARp,AR,3,3,MG,3378,2,784
PIL_TOG,21:53,23:08,AR,FA,3,3,MG,3378,0,785
RNG_F_IRG_TAF,23:08,00:03,FA,FAp,3,4,MG,3378,4,786
RNG_F_HOLD_RNG,17:32,18:22,ES,ES,3,3,ER,855_862,3,787
PIL_TOG,20:22,21:48,ES,OD,3,3,ER,870,0,788
RNG_F_IRG_TAF,22:04,23:04,OD,ODp,3,3,ER,879,5,789
RNG,16:33,16:48,FA,FAp,3,3,ER,2753,4,790
HOLD,16:48,17:15,FAp,FAp,3,3,ER,4756,4,791
RNG,17:15,17:25,FAp,FA,3,3,ER,4756,4,792
PIL_TOG,17:25,18:13,FA,OD,3,3,ER,4756,0,793
RNG,18:13,18:23,OD,ODp,3,3,ER,4756,5,794
HOLD,18:23,18:38,ODp,ODp,3,3,ER,4765,5,795
RNG,18:38,18:43,ODp,OD,3,3,ER,4765,5,796
PIL_TOG,18:43,19:30,OD,FA,3,3,ER,4765,0,797
RNG,20:30,20:45,FA,FAp,3,3,ER,2769,4,798
HOLD,20:45,21:15,FAp,FAp,3,3,ER,4772,4,799
RNG,21:15,21:25,FAp,FA,3,3,ER,4772,4,800
PIL_TOG,21:25,22:13,FA,OD,3,3,ER,4772,0,801
RNG,22:13,22:23,OD,ODp,3,3,ER,4772,5,802
HOLD,22:23,22:35,ODp,ODp,3,3,ER,4781,5,803
RNG,22:35,22:40,ODp,OD,3,3,ER,4781,5,804
PIL_TOG,22:40,23:30,OD,FA,3,3,ER,4781,0,805
PIL_TOG,16:46,18:02,FA,AR,3,3,MG,3355,0,806
RNG,18:02,18:22,AR,ARp,3,3,MG,3355,2,807
HOLD,18:22,18:38,ARp,ARp,3,3,MG,3366,2,808
RNG,18:38,18:53,ARp,AR,3,3,MG,3366,2,809
PIL_TOG,18:53,20:08,AR,FA,3,3,MG,3366,0,810
HOLD_PIL_TOG,22:06,23:18,FA,ES,3,3,MF,3374,0,811
HOLD_PIL_TOG,23:18,00:48,ES,FA,3,4,MF,3387,0,812
PIL_TOG,20:53,22:08,AR,FA,3,3,MG,3372,0,813
RNG_F_V_IRG_TAF,22:08,23:18,FA,FAp,3,3,MG,3372,4,814
RNG_F_V_IRG_TAF,23:48,00:58,FA,FAp,3,4,MG,3383,4,815
RNG,19:30,19:45,FA,FAp,3,3,ER,4765,4,816
HOLD,19:45,20:11,FAp,FAp,3,3,ER,2768,4,817
RNG,20:11,20:21,FAp,FA,3,3,ER,2768,4,818
PIL_TOG,20:21,21:20,FA,OD,3,3,ER,2768,0,819
RNG,21:20,21:30,OD,ODp,3,3,ER,2768,5,820
RNG,21:30,21:35,ODp,OD,3,3,ER,2777,5,821
PIL_TOG,21:35,22:34,OD,FA,3,3,ER,2777,0,822
RNG_TAF,22:34,22:59,FA,FAp,3,3,ER,2777,4,823
RNG_TAF,00:34,00:59,FA,FAp,4,4,ER,2785,4,824
PIL_TOG,21:48,22:23,FA,OD,3,3,ERMF,472,0,825
PIL_TOG,22:23,00:00,OD,KH,3,4,ERMF,472,0,826
PIL_TOG_RNG,01:10,01:38,KH,CPHkak,4,4,MF,9301,0,827
RNG_PIL_TOG,02:05,02:32,CPHkak,KH,4,4,MF,409,0,828
HOLD_PIL_TOG,02:32,04:22,KH,OD,4,4,MF,409,0,829
PIL_TOG,04:22,04:58,OD,FA,4,4,MF,409,0,830
PIL_TOG,22:21,23:20,FA,OD,3,3,ER,2776,0,831
RNG,23:20,23:30,OD,ODp,3,3,ER,2776,5,832
RNG,23:30,23:35,ODp,OD,3,3,ER,2785,5,833
PIL_TOG,23:35,00:34,OD,FA,3,4,ER,2785,0,834
RNG_TAF,00:48,01:13,FA,FAp,4,4,MF,3387,4,835
HOLD_PIL_TOG,01:45,02:23,FA,OD,4,4,MF,488,0,836
KLG,03:32,03:47,ODp,ODp,4,4,ER,400,5,837
RNG,03:47,04:07,ODp,OD,4,4,ER,400,5,838
KLG,04:33,04:48,ODp,ODp,4,4,ER,911,5,839
RNG,04:48,05:08,ODp,OD,4,4,ER,911,5,840
PIL_TOG,05:08,05:43,OD,FA,4,4,ER,911,0,841
KLG,23:28,23:43,FAp,FAp,3,3,MF,983,4,842
RNG,23:43,23:53,FAp,FA,3,3,MF,983,4,843
PIL_TOG,23:53,00:55,FA,TE,3,4,MF,983,0,844
PIL_TOG,00:55,01:30,TE,SDB,4,4,MF,983,0,845
RNG_TAF,01:30,01:50,SDB,SDB,4,4,MF,983,0,846
KLG,04:10,04:25,SDB,SDB,4,4,MF,910,0,847
RNG,04:25,04:30,SDB,SDB,4,4,MF,910,0,848
PIL_TOG,04:30,05:08,SDB,TE,4,4,MF,910,0,849
PIL_TOG,05:08,06:07,TE,FA,4,4,MF,910,0,850
RNG,06:07,06:15,FA,FAp,4,4,MF,910,4,851
RNG,06:15,06:18,FAp,FA,4,4,MF,10,4,852
RNG_F_V_IRG_TAF,23:30,00:40,FA,FAp,3,4,ER,4781,4,853
HOLD_PIL_TOG,01:07,02:12,FA,AR,4,4,MF,489,0,854
KLG,04:35,04:55,ARp,ARp,4,4,MF,10,2,855
RNG,04:55,05:10,ARp,AR,4,4,MF,10,2,856
PIL_TOG,05:10,06:17,AR,FA,4,4,MF,10,0,857
HOLD,06:17,06:18,FA,FA,4,4,MF,10,0,858
HOLD_PIL_TOG,23:45,00:23,FA,OD,3,4,MF,180,0,859
RNG_TAF,00:23,00:53,OD,ODp,4,4,MF,180,5,860
PIL_TOG,02:36,03:11,OD,FA,4,4,MF,403,0,861
KLG,03:59,04:14,FAp,FAp,4,4,ER,7007,4,862
RNG,04:14,04:24,FAp,FA,4,4,ER,7007,4,863
KLG,04:52,05:07,FAp,FAp,4,4,ER,6,4,864
RNG,05:07,05:17,FAp,FA,4,4,ER,6,4,865
HOLD_PIL_TOG,06:16,07:34,OD,KH,3,3,MG,308,0,866
PIL_TOG,04:16,04:31,KH,HGL,3,3,EB,9790,0,867
RNG_V,04:31,04:56,HGL,HGL,3,3,EB,9790,0,868
HOLD,04:56,05:33,HGL,HGL,3,3,EB,4321,0,869
PIL_TOG,05:33,05:49,HGL,KH,3,3,EB,4321,0,870
PIL_TOG_RNG_HOLD_RNG_PIL_TOG,06:16,06:55,KH,KH,3,3,MG,4500_225,0,871
PIL_TOG,06:55,08:23,KH,OD,3,3,MG,225,0,872
PIL_TOG,05:06,05:25,HGL,KH,3,3,ER,819,0,873
PIL_TOG,06:06,06:25,HGL,KH,3,3,ER,823,0,874
PIL_TOG,06:25,08:04,KH,OD,3,3,ER,823,0,875
HOLD_PIL_TOG,09:48,11:31,OD,KH,3,3,ER,822,0,876
PIL_TOG_RNG,04:44,05:04,KH,HGL,3,3,ER,9794,0,877
PIL_TOG,05:39,05:58,HGL,KH,3,3,ER,121,0,878
HOLD_PIL_TOG,05:58,07:33,KH,OD,3,3,ER,121,0,879
PIL_TOG,07:50,09:03,OD,KH,3,3,ERMF,14,0,880
HOLD_PIL_TOG_RNG,10:03,10:35,KH,CPHkak,3,3,MF,18,0,881
RNG_PIL_TOG,11:53,12:17,CPHkak,KH,3,3,MG,345,0,882
HOLD_PIL_TOG,04:53,06:33,KH,OD,3,3,MF,117,0,883
PIL_TOG,06:33,07:06,OD,FA,3,3,MF,117,0,884
HOLD_PIL_TOG,07:45,08:23,FA,OD,3,3,MF,116,0,885
PIL_TOG,09:50,11:03,OD,KH,3,3,ERMF,22,0,886
RNG_PIL_TOG,06:17,06:41,CPHkak,KH,3,3,MF,23,0,887
HOLD_PIL_TOG,06:41,08:07,KH,OD,3,3,MF,23,0,888
PIL_TOG,08:07,08:38,OD,FA,3,3,MF,23,0,889
PIL_TOG,10:18,10:50,FA,OD,3,3,MF,26,0,890
PIL_TOG,10:50,12:03,OD,KH,3,3,MF,26,0,891
PIL_TOG,06:50,08:03,OD,KH,3,3,MF,10,0,892
HOLD_PIL_TOG_RNG,09:03,09:35,KH,CPHkak,3,3,ERMF,14,0,893
RNG_PIL_TOG,10:17,10:41,CPHkak,KH,3,3,MF,39,0,894
RNG_PIL_TOG,07:17,07:41,CPHkak,KH,3,3,ERMF,27,0,895
HOLD_PIL_TOG,07:41,09:07,KH,OD,3,3,ERMF,27,0,896
PIL_TOG,09:23,10:55,OD,KH,3,3,ER,120,0,897
PIL_TOG_RNG,10:55,11:17,KH,HGL,3,3,ER,120,0,898
PIL_TOG,11:39,11:58,HGL,KH,3,3,ER,145,0,899
PIL_TOG,05:25,07:04,KH,OD,3,3,ER,819,0,900
HOLD_PIL_TOG,07:04,08:32,OD,ES,3,3,ER,819,0,901
PIL_TOG,09:22,10:48,ES,OD,3,3,ER,826,0,902
HOLD_PIL_TOG,10:48,12:31,OD,KH,3,3,ER,826,0,903
HOLD_PIL_TOG,05:41,07:07,KH,OD,3,3,ERMF,19,0,904
PIL_TOG,07:07,07:38,OD,FA,3,3,ERMF,19,0,905
PIL_TOG,09:48,10:23,FA,OD,3,3,ERMF,124,0,906
PIL_TOG,10:23,11:55,OD,KH,3,3,ERMF,124,0,907
PIL_TOG_RNG,11:55,12:17,KH,HGL,3,3,ERMF,124,0,908
HOLD_PIL_TOG,08:17,08:50,FA,OD,3,3,MF,18,0,909
PIL_TOG,09:07,09:38,OD,FA,3,3,ERMF,27,0,910
PIL_TOG,11:18,11:50,FA,OD,3,3,ERMF,30,0,911
PIL_TOG,11:50,13:03,OD,KH,3,3,ERMF,30,0,912
HOLD_PIL_TOG_PIL_TOG_TOG,06:17,09:05,KH,AR,3,3,MG,321,0,913
PIL_TOG,08:23,09:55,OD,KH,3,3,MF,116,0,914
HOLD_PIL_TOG,10:41,12:07,KH,OD,3,3,MF,39,0,915
PIL_TOG,12:07,12:38,OD,FA,3,3,MF,39,0,916
PIL_TOG,13:18,13:50,FA,OD,3,3,ERMF,38,0,917
PIL_TOG,13:50,15:03,OD,KH,3,3,ERMF,38,0,918
PIL_TOG,07:51,09:31,OD,KH,3,3,ER,814,0,919
PIL_TOG_RNG,09:31,09:53,KH,HGL,3,3,ER,814,0,920
PIL_TOG,07:00,08:33,KH,OD,3,3,ERMF,125,0,921
PIL_TOG,08:33,09:06,OD,FA,3,3,ERMF,125,0,922
PIL_TOG,10:48,11:23,FA,OD,3,3,ER,128,0,923
PIL_TOG,11:23,12:55,OD,KH,3,3,ER,128,0,924
PIL_TOG_RNG,12:55,13:17,KH,HGL,3,3,ER,128,0,925
PIL_TOG,13:39,13:58,HGL,KH,3,3,ER,153,0,926
HOLD_PIL_TOG_RNG,07:03,07:35,KH,CPHkak,3,3,ERMF,6,0,927
RNG_PIL_TOG,08:17,08:41,CPHkak,KH,3,3,MF,31,0,928
HOLD_PIL_TOG,08:41,10:07,KH,OD,3,3,MF,31,0,929
PIL_TOG,10:33,11:06,OD,FA,3,3,MF,133,0,930
HOLD_PIL_TOG,12:17,12:50,FA,OD,3,3,MF,34,0,931
PIL_TOG,12:50,14:03,OD,KH,3,3,MF,34,0,932
PIL_TOG,07:21,08:37,KH,OD,3,3,MF,393,0,933
PIL_TOG_TOG,08:37,09:59,OD,PA,3,3,MF,393,0,934
HOLD_PIL_TOG_TOG,10:53,12:18,PA,OD,3,3,MF,396,0,935
PIL_TOG,12:18,13:34,OD,KH,3,3,MF,396,0,936
PIL_TOG_RNG,07:55,08:17,KH,HGL,3,3,ER,108,0,937
PIL_TOG,09:39,09:58,HGL,KH,3,3,ER,137,0,938
HOLD_PIL_TOG,09:58,11:33,KH,OD,3,3,ER,137,0,939
PIL_TOG,11:33,12:06,OD,FA,3,3,ER,137,0,940
PIL_TOG,12:48,13:23,FA,OD,3,3,ER,136,0,941
PIL_TOG,13:23,14:55,OD,KH,3,3,ER,136,0,942
HOLD_PIL_TOG_RNG_HOLD_RNG_PIL_TOG,08:16,08:58,KH,KH,3,3,MF,1210_133,0,943
HOLD_PIL_TOG,08:58,10:33,KH,OD,3,3,MF,133,0,944
PIL_TOG,12:33,13:06,OD,FA,3,3,ERMF,141,0,945
HOLD,14:17,14:18,FA,FA,3,3,MF,42,0,946
PIL_TOG,14:18,14:50,FA,OD,3,3,MF,42,0,947
PIL_TOG,14:50,16:03,OD,KH,3,3,MF,42,0,948
PIL_TOG,09:25,11:04,KH,OD,3,3,ER,835,0,949
HOLD_PIL_TOG,11:48,13:31,OD,KH,3,3,ER,830,0,950
PIL_TOG_RNG,13:31,13:53,KH,HGL,3,3,ER,830,0,951
PIL_TOG,16:06,16:25,HGL,KH,3,3,ER,863,0,952
PIL_TOG_TOG_PIL_TOG,13:50,16:34,AR,KH,3,3,MG,344,0,953
HOLD_PIL_TOG_RNG,16:34,17:06,KH,CPHkak,3,3,MG,344,0,954
RNG_PIL_TOG,11:17,11:41,CPHkak,KH,3,3,ERMF,43,0,955
HOLD_PIL_TOG,11:41,13:07,KH,OD,3,3,ERMF,43,0,956
PIL_TOG,13:07,13:38,OD,FA,3,3,ERMF,43,0,957
PIL_TOG,14:48,15:23,FA,OD,3,3,ER,144,0,958
PIL_TOG,15:23,16:55,OD,KH,3,3,ER,144,0,959
PIL_TOG_RNG,16:55,17:17,KH,HGL,3,3,ER,144,0,960
PIL_TOG,17:36,17:58,HGL,KH,3,3,ER,169,0,961
PIL_TOG_RNG_HOLD_RNG_PIL_TOG,10:19,11:38,KH,KH,3,3,EB,2339_2322,0,962
PIL_TOG_RNG_HOLD_RNG_PIL_TOG,13:46,14:55,KH,KH,3,3,MG,2530_257,0,963
PIL_TOG,14:55,16:22,KH,OD,3,3,MG,257,0,964
PIL_TOG,12:23,13:55,OD,KH,3,3,MF,132,0,965
PIL_TOG_RNG,14:55,15:17,KH,HGL,3,3,ER,136,0,966
PIL_TOG,15:39,15:58,HGL,KH,3,3,ER,161,0,967
HOLD_PIL_TOG,15:58,17:33,KH,OD,3,3,ER,161,0,968
PIL_TOG,17:50,19:03,OD,KH,3,3,ERMF,54,0,969
HOLD_PIL_TOG_RNG,11:03,11:35,KH,CPHkak,3,3,ERMF,22,0,970
RNG_PIL_TOG,12:17,12:41,CPHkak,KH,3,3,MF,47,0,971
HOLD_PIL_TOG,12:41,14:07,KH,OD,3,3,MF,47,0,972
PIL_TOG,14:07,14:38,OD,FA,3,3,MF,47,0,973
HOLD,16:17,16:18,FA,FA,3,3,MF,50,0,974
PIL_TOG,16:18,16:50,FA,OD,3,3,MF,50,0,975
PIL_TOG,16:50,18:03,OD,KH,3,3,MF,50,0,976
PIL_TOG,11:21,12:37,KH,OD,3,3,MF,395,0,977
PIL_TOG_TOG,12:37,13:59,OD,PA,3,3,MF,395,0,978
HOLD_PIL_TOG_TOG,14:53,16:18,PA,OD,3,3,MF,394,0,979
PIL_TOG,16:18,17:34,OD,KH,3,3,MF,394,0,980
HOLD_PIL_TOG_RNG,17:34,18:05,KH,CPHkak,3,3,MF,9369,0,981
PIL_TOG,12:06,12:25,HGL,KH,3,3,ER,847,0,982
PIL_TOG,12:25,14:04,KH,OD,3,3,ER,847,0,983
HOLD_PIL_TOG,14:04,15:32,OD,ES,3,3,ER,847,0,984
PIL_TOG,16:22,17:48,ES,OD,3,3,ER,854,0,985
HOLD,17:48,17:51,OD,OD,3,3,ER,854,0,986
PIL_TOG,17:51,19:31,OD,KH,3,3,ER,854,0,987
PIL_TOG_RNG,19:31,19:53,KH,HGL,3,3,ER,854,0,988
PIL_TOG,20:13,20:28,HGL,KH,3,3,EB,9779,0,989
HOLD_PIL_TOG,11:58,13:33,KH,OD,3,3,ER,145,0,990
PIL_TOG,13:33,14:06,OD,FA,3,3,ER,145,0,991
PIL_TOG,15:33,16:06,OD,FA,3,3,ER,153,0,992
HOLD_PIL_TOG,17:45,18:23,FA,OD,3,3,MF,156,0,993
PIL_TOG,19:23,20:55,OD,KH,3,3,MF,160,0,994
HOLD_PIL_TOG_RNG,12:03,12:35,KH,CPHkak,3,3,MF,26,0,995
RNG_PIL_TOG,13:17,13:41,CPHkak,KH,3,3,ERMF,51,0,996
HOLD_PIL_TOG,13:41,15:07,KH,OD,3,3,ERMF,51,0,997
PIL_TOG,15:07,15:38,OD,FA,3,3,ERMF,51,0,998
PIL_TOG,16:48,17:23,FA,OD,3,3,ER,152,0,999
PIL_TOG,17:23,18:55,OD,KH,3,3,ER,152,0,1000
HOLD_PIL_TOG_PIL_TOG_TOG,12:17,15:05,KH,AR,3,3,MG,345,0,1001
PIL_TOG_TOG_PIL_TOG,15:50,18:34,AR,KH,3,3,MG,352,0,1002
HOLD_PIL_TOG_RNG,18:34,19:06,KH,CPHkak,3,3,MG,352,0,1003
PIL_TOG_RNG,12:31,12:53,KH,HGL,3,3,ER,826,0,1004
PIL_TOG,13:25,15:04,KH,OD,3,3,ER,851,0,1005
HOLD,17:04,17:51,OD,OD,3,3,ER,854,0,1006
HOLD_PIL_TOG,18:48,20:31,OD,KH,3,3,ER,858,0,1007
PIL_TOG,13:16,13:31,HGL,KH,3,3,MF,9751,0,1008
HOLD_PIL_TOG_PIL_TOG_TOG,14:17,17:05,KH,AR,3,3,MG,353,0,1009
PIL_TOG_RNG_HOLD,12:46,13:22,KH,KKn,3,3,MF,2526_1251,0,1010
RNG_PIL_TOG,13:22,13:37,KKn,KH,3,3,MF,1251,0,1011
HOLD_PIL_TOG,14:16,14:29,KH,KK,3,3,MF,1234,0,1012
HOLD_PIL_TOG,15:16,15:29,KH,KK,3,3,MF,1238,0,1013
PIL_TOG,16:26,16:37,KK,KH,3,3,MF,1263,0,1014
PIL_TOG,16:55,18:23,KH,OD,3,3,ER,265,0,1015
PIL_TOG,14:23,15:55,OD,KH,3,3,ERMF,140,0,1016
PIL_TOG_RNG,17:18,17:46,KH,CPHkak,3,3,MF,9367,0,1017
RNG_PIL_TOG,18:17,18:41,CPHkak,KH,3,3,MF,71,0,1018
HOLD_PIL_TOG,18:41,20:07,KH,OD,3,3,MF,71,0,1019
PIL_TOG,13:00,14:33,KH,OD,3,3,MF,149,0,1020
PIL_TOG,14:33,15:06,OD,FA,3,3,MF,149,0,1021
HOLD_PIL_TOG,15:45,16:23,FA,OD,3,3,MF,148,0,1022
PIL_TOG,17:33,18:06,OD,FA,3,3,ER,161,0,1023
HOLD_PIL_TOG,19:45,20:23,FA,OD,3,3,MF,164,0,1024
PIL_TOG,20:23,21:55,OD,KH,3,3,MF,164,0,1025
HOLD_PIL_TOG_RNG,13:03,13:35,KH,CPHkak,3,3,ERMF,30,0,1026
RNG_PIL_TOG,14:17,14:41,CPHkak,KH,3,3,MF,55,0,1027
PIL_TOG,15:00,16:33,KH,OD,3,3,MF,157,0,1028
PIL_TOG,16:33,17:06,OD,FA,3,3,MF,157,0,1029
HOLD_PIL_TOG,18:17,18:50,FA,OD,3,3,MF,58,0,1030
PIL_TOG,18:50,20:03,OD,KH,3,3,MF,58,0,1031
HOLD_PIL_TOG_RNG,20:03,20:35,KH,CPHkak,3,3,MF,58,0,1032
RNG_PIL_TOG,21:29,21:53,CPHkak,KH,3,3,ER,485,0,1033
PIL_TOG,14:06,14:25,HGL,KH,3,3,ER,855,0,1034
PIL_TOG,14:25,16:04,KH,OD,3,3,ER,855,0,1035
HOLD_PIL_TOG,16:04,17:32,OD,ES,3,3,ER,855,0,1036
PIL_TOG,18:22,19:48,ES,OD,3,3,ER,862,0,1037
HOLD_PIL_TOG,19:48,21:31,OD,KH,3,3,ER,862,0,1038
PIL_TOG_RNG,21:31,21:53,KH,HGL,3,3,ER,862,0,1039
HOLD_PIL_TOG,13:58,15:33,KH,OD,3,3,ER,153,0,1040
PIL_TOG,15:50,17:03,OD,KH,3,3,ERMF,46,0,1041
HOLD_PIL_TOG_RNG,17:03,17:35,KH,CPHkak,3,3,ERMF,46,0,1042
RNG_PIL_TOG,19:17,19:41,CPHkak,KH,3,3,ERMF,75,0,1043
HOLD_PIL_TOG,19:41,21:07,KH,OD,3,3,ERMF,75,0,1044
PIL_TOG,21:23,22:55,OD,KH,3,3,MF,168,0,1045
HOLD_PIL_TOG_RNG,14:03,14:35,KH,CPHkak,3,3,MF,34,0,1046
RNG_PIL_TOG,15:17,15:41,CPHkak,KH,3,3,ERMF,59,0,1047
HOLD_PIL_TOG,15:41,17:07,KH,OD,3,3,ERMF,59,0,1048
PIL_TOG,17:07,17:38,OD,FA,3,3,ERMF,59,0,1049
HOLD_PIL_TOG,18:45,19:23,FA,OD,3,3,MF,160,0,1050
PIL_TOG,19:50,21:03,OD,KH,3,3,ERMF,62,0,1051
HOLD_PIL_TOG_RNG,21:03,21:35,KH,CPHkak,3,3,ERMF,62,0,1052
RNG_PIL_TOG,22:29,22:53,CPHkak,KH,3,3,MF,489,0,1053
HOLD_PIL_TOG,14:41,16:07,KH,OD,3,3,MF,55,0,1054
PIL_TOG,16:23,17:55,OD,KH,3,3,MF,148,0,1055
PIL_TOG,19:00,20:33,KH,OD,3,3,MF,173,0,1056
PIL_TOG,20:33,21:06,OD,FA,3,3,MF,173,0,1057
PIL_TOG,21:50,23:03,OD,KH,3,3,ERMF,70,0,1058
HOLD_PIL_TOG_RNG,15:03,15:35,KH,CPHkak,3,3,ERMF,38,0,1059
RNG_PIL_TOG,16:17,16:41,CPHkak,KH,3,3,MF,63,0,1060
PIL_TOG,17:00,18:33,KH,OD,3,3,ERMF,165,0,1061
PIL_TOG,18:33,19:06,OD,FA,3,3,ERMF,165,0,1062
HOLD,20:13,20:18,FA,FA,3,3,MF,66,0,1063
PIL_TOG,20:18,20:50,FA,OD,3,3,MF,66,0,1064
PIL_TOG,20:50,22:03,OD,KH,3,3,MF,66,0,1065
HOLD_PIL_TOG_RNG,22:03,22:35,KH,CPHkak,3,3,MF,66,0,1066
RNG_PIL_TOG,23:29,23:53,CPHkak,KH,3,3,ER,491,0,1067
PIL_TOG,15:21,16:37,KH,OD,3,3,MF,397,0,1068
PIL_TOG_TOG,16:37,17:59,OD,PA,3,3,MF,397,0,1069
HOLD_PIL_TOG_TOG,18:53,20:18,PA,OD,3,3,MF,392,0,1070
PIL_TOG,20:18,21:34,OD,KH,3,3,MF,392,0,1071
HOLD_PIL_TOG,17:04,18:32,OD,ES,3,3,ER,859,0,1072
PIL_TOG,19:22,20:48,ES,OD,3,3,ER,866,0,1073
HOLD_PIL_TOG,20:48,22:31,OD,KH,3,3,ER,866,0,1074
PIL_TOG_RNG,22:31,22:53,KH,HGL,3,3,ER,866,0,1075
HOLD_PIL_TOG_RNG,16:03,16:35,KH,CPHkak,3,3,MF,42,0,1076
RNG_PIL_TOG,17:17,17:41,CPHkak,KH,3,3,ERMF,67,0,1077
HOLD_PIL_TOG,17:41,19:07,KH,OD,3,3,ERMF,67,0,1078
PIL_TOG,19:07,19:38,OD,FA,3,3,ERMF,67,0,1079
HOLD_PIL_TOG,20:45,21:23,FA,OD,3,3,MF,168,0,1080
PIL_TOG,22:07,22:38,OD,FA,3,3,MF,79,0,1081
HOLD_PIL_TOG_PIL_TOG_TOG,16:17,19:05,KH,AR,3,3,MG,361,0,1082
HOLD_PIL_TOG,20:38,21:45,AR,FA,3,3,MF,472,0,1083
HOLD,21:45,21:48,FA,FA,3,3,MF,472,0,1084
PIL_TOG,22:48,23:23,FA,OD,3,3,ERMF,476,0,1085
HOLD_PIL_TOG,16:41,18:07,KH,OD,3,3,MF,63,0,1086
PIL_TOG,18:23,19:55,OD,KH,3,3,MF,156,0,1087
HOLD_PIL_TOG,20:41,22:07,KH,OD,3,3,MF,79,0,1088
HOLD_PIL_TOG,17:58,19:33,KH,OD,3,3,ER,169,0,1089
PIL_TOG,19:33,20:06,OD,FA,3,3,ER,169,0,1090
PIL_TOG,21:07,21:38,OD,FA,3,3,ERMF,75,0,1091
HOLD_PIL_TOG_RNG,18:03,18:35,KH,CPHkak,3,3,MF,50,0,1092
RNG_PIL_TOG,19:21,19:45,CPHkak,KH,3,3,MF,9354,0,1093
HOLD_PIL_TOG,19:45,21:33,KH,OD,3,3,MF,177,0,1094
PIL_TOG,21:33,22:06,OD,FA,3,3,MF,177,0,1095
HOLD_PIL_TOG_RNG,19:03,19:35,KH,CPHkak,3,3,ERMF,54,0,1096
RNG_PIL_TOG,20:17,20:41,CPHkak,KH,3,3,MF,79,0,1097
PIL_TOG,21:00,22:33,KH,OD,3,3,MF,181,0,1098
PIL_TOG,20:06,20:25,HGL,KH,3,3,ER,879,0,1099
PIL_TOG,20:25,22:04,KH,OD,3,3,ER,879,0,1100
PIL_TOG,21:06,21:25,HGL,KH,3,3,ER,883,0,1101
PIL_TOG,21:25,23:04,KH,OD,3,3,ER,883,0,1102
PIL_TOG,23:23,01:00,OD,KH,3,4,ERMF,476,0,1103
HOLD_PIL_TOG_RNG,01:00,01:34,KH,CPHkak,4,4,ERMF,476,0,1104
RNG_PIL_TOG,02:41,03:05,CPHkak,KH,4,4,MF,9300,0,1105
HOLD_PIL_TOG,21:53,23:34,KH,OD,3,3,ER,485,0,1106
RNG_TAF,23:34,00:04,OD,ODp,3,4,ER,485,5,1107
HOLD_PIL_TOG,22:53,00:35,KH,OD,3,4,MF,489,0,1108
PIL_TOG,00:35,01:07,OD,FA,4,4,MF,489,0,1109
HOLD_PIL_TOG_RNG,23:03,23:35,KH,CPHkak,3,3,ERMF,70,0,1110
RNG_PIL_TOG,00:29,00:53,CPHkak,KH,4,4,MF,403,0,1111
HOLD_PIL_TOG,00:53,02:36,KH,OD,4,4,MF,403,0,1112
PIL_TOG,04:07,05:48,OD,KH,4,4,ER,400,0,1113
HOLD_PIL_TOG,23:53,01:35,KH,OD,3,4,ER,493,0,1114
PIL_TOG,02:23,04:00,OD,KH,4,4,MF,488,0,1115
HOLD_PIL_TOG_RNG,04:00,04:34,KH,CPHkak,4,4,MF,488,0,1116
RNG_PIL_TOG,05:17,05:41,CPHkak,KH,4,4,ERMF,19,0,1117
KLG,04:06,04:21,ODp,ODp,3,3,MF,7008,5,1118
RNG,04:21,04:41,ODp,OD,3,3,MF,7008,5,1119
PIL_TOG_HOLD_PIL_TOG,04:41,05:33,OD,OD,3,3,MF,7008_113,0,1120
PIL_TOG,05:33,06:06,OD,FA,3,3,MF,113,0,1121
PIL_TOG,06:48,07:23,FA,OD,3,3,ERMF,112,0,1122
PIL_TOG,07:23,08:55,OD,KH,3,3,ERMF,112,0,1123
HOLD_PIL_TOG,09:41,11:07,KH,OD,3,3,ERMF,35,0,1124
PIL_TOG,04:46,06:27,OD,KH,3,3,ER,802,0,1125
PIL_TOG,07:25,09:04,KH,OD,3,3,ER,827,0,1126
PERN_RNG_TAF,09:04,09:38,OD,ODp,3,3,ER,827,5,1127
KLG,05:06,05:31,ODp,ODp,3,3,ER,806,5,1128
RNG,05:31,05:51,ODp,OD,3,3,ER,806,5,1129
RNG,06:28,06:48,ODp,OD,3,3,ER,810,5,1130
PERN_TOG,06:48,08:31,OD,KH,3,3,ER,810,0,1131
PIL_TOG,10:25,12:04,KH,OD,3,3,ER,839,0,1132
KLG,06:18,06:38,FAp,FAp,3,3,ERMF,112,4,1133
RNG,06:38,06:48,FAp,FA,3,3,ERMF,112,4,1134
RNG,07:15,07:18,FAp,FA,3,3,ER,14,4,1135
PIL_TOG,07:18,07:50,FA,OD,3,3,ERMF,14,0,1136
PIL_TOG,08:50,10:03,OD,KH,3,3,MF,18,0,1137
PIL_TOG,11:00,12:33,KH,OD,3,3,ERMF,141,0,1138
KLG,05:25,05:45,ODp,ODp,3,3,MF,15,5,1139
RNG,05:45,06:05,ODp,OD,3,3,MF,15,5,1140
PIL_TOG,06:05,06:38,OD,FA,3,3,MF,15,0,1141
RNG,08:06,08:21,FA,FAp,3,3,ER,121,4,1142
HOLD,08:21,08:38,FAp,FAp,3,3,ER,120,4,1143
RNG,08:38,08:48,FAp,FA,3,3,ER,120,4,1144
PIL_TOG,08:48,09:23,FA,OD,3,3,ER,120,0,1145
PERN_RNG,11:06,11:23,FA,FAp,3,3,MF,133,4,1146
HOLD,11:23,11:38,FAp,FAp,3,3,MF,132,4,1147
RNG,11:38,11:48,FAp,FA,3,3,MF,132,4,1148
PIL_TOG,11:48,12:23,FA,OD,3,3,MF,132,0,1149
KLG,05:25,06:05,ODp,ODp,3,3,MG,208,5,1150
RNG,06:05,06:25,ODp,OD,3,3,MG,208,5,1151
PIL_TOG,06:25,08:02,OD,KH,3,3,MG,208,0,1152
KLG,05:33,05:48,ODp,ODp,3,3,ER,815,5,1153
RNG,05:48,06:08,ODp,OD,3,3,ER,815,5,1154
PIL_TOG,06:08,07:39,OD,ES,3,3,ER,815,0,1155
RNG_HOLD_RNG,07:39,08:22,ES,ES,3,3,ER,815_822,3,1156
PIL_TOG,08:22,09:48,ES,OD,3,3,ER,822,0,1157
KLG,12:13,12:28,ODp,ODp,3,3,ER,834,5,1158
RNG,12:28,12:48,ODp,OD,3,3,ER,834,5,1159
PIL_TOG,05:35,06:30,OD,FA,3,3,ER,2713,0,1160
RNG,06:30,06:38,FA,FAp,3,3,ER,2713,4,1161
HOLD,06:38,06:49,FAp,FAp,3,3,ER,4714,4,1162
RNG,06:49,06:52,FAp,FA,3,3,ER,4714,4,1163
PIL_TOG,06:52,07:43,FA,OD,3,3,ER,4714,0,1164
HOLD,07:43,07:51,OD,OD,3,3,ER,814,0,1165
RNG_F_IRG_TAF,08:23,09:23,OD,ODp,3,3,MG,225,5,1166
RNG,11:20,11:30,OD,ODp,3,3,ER,2728,5,1167
RNG,11:30,11:35,ODp,OD,3,3,ER,2737,5,1168
KLG,05:48,06:18,ODp,ODp,3,3,MG,4717,5,1169
RNG,06:18,06:38,ODp,OD,3,3,MG,4717,5,1170
PIL_TOG,06:38,07:31,OD,FA,3,3,MG,4717,0,1171
RNG_F_V_IRG_TAF,07:31,08:41,FA,FAp,3,3,MG,4717,4,1172
RNG,10:30,10:45,FA,FAp,3,3,ER,2729,4,1173
HOLD,10:45,11:15,FAp,FAp,3,3,ER,4732,4,1174
RNG,11:15,11:25,FAp,FA,3,3,ER,4732,4,1175
PIL_TOG,11:25,12:13,FA,OD,3,3,ER,4732,0,1176
KLG,06:08,06:28,ODp,ODp,3,3,ER,810,5,1177
PERN_RNG,08:04,08:18,OD,ODp,3,3,ER,823,5,1178
HOLD_PIL_TOG,09:04,10:32,OD,ES,3,3,ER,827,0,1179
PIL_TOG,11:22,12:48,ES,OD,3,3,ER,834,0,1180
HOLD_PIL,12:48,12:56,OD,OD,3,3,ER,834,0,1181
HOLD_PIL_TOG,10:04,11:32,OD,ES,3,3,ER,831,0,1182
PIL_TOG,13:22,14:48,ES,OD,3,3,ER,842,0,1183
HOLD_PIL,14:48,14:56,OD,OD,3,3,ER,842,0,1184
PERN_RNG,16:04,16:28,OD,ODp,3,3,ER,855,5,1185
RNG,16:28,16:48,ODp,OD,3,3,ER,850,5,1186
PERN,16:48,16:56,OD,OD,3,3,ER,850,0,1187
KLG,13:50,14:20,ODp,ODp,3,3,MG,4749,5,1188
RNG,14:20,14:40,ODp,OD,3,3,MG,4749,5,1189
PIL_TOG,14:40,15:30,OD,FA,3,3,MG,4749,0,1190
RNG,15:30,15:45,FA,FAp,3,3,MG,4749,4,1191
HOLD,15:45,16:12,FAp,FAp,3,3,MG,2752,4,1192
RNG,16:12,16:22,FAp,FA,3,3,MG,2752,4,1193
PIL_TOG,16:22,17:29,FA,OD,3,3,MG,2752,0,1194
RNG_TAF,17:29,17:59,OD,ODp,3,3,MG,2752,5,1195
RNG,20:13,20:23,OD,ODp,3,3,ER,4764,5,1196
HOLD,20:23,20:35,ODp,ODp,3,3,ER,4773,5,1197
RNG,20:35,20:40,ODp,OD,3,3,ER,4773,5,1198
PIL_TOG,16:07,16:38,OD,FA,3,3,MF,55,0,1199
PERN_RNG_TAF,16:38,17:03,FA,FAp,3,3,MF,55,4,1200
RNG,18:06,18:21,FA,FAp,3,3,ER,161,4,1201
F,18:21,18:41,FAp,FAp,3,3,ER,161,4,1202
IRG_TAF,18:41,19:11,FAp,FAp,3,3,ER,161,4,1203
RNG_F_V_IRG_TAF,20:06,21:56,FA,FAp,3,3,ER,169,4,1204
RNG_TAF,22:38,23:03,FA,FAp,3,3,MF,79,4,1205
RNG_F_IRG_TAF,16:22,17:47,OD,ODp,3,3,MG,257,5,1206
RNG_F_IRG_TAF,18:23,19:23,OD,ODp,3,3,ER,265,5,1207
PIL_TOG,20:40,21:30,OD,FA,3,3,ER,4773,0,1208
RNG,21:30,21:45,FA,FAp,3,3,ER,4773,4,1209
F,21:45,22:05,FAp,FAp,3,3,ER,4773,4,1210
HOLD,22:05,22:11,FAp,FAp,3,3,ER,2776,4,1211
RNG,22:11,22:21,FAp,FA,3,3,ER,2776,4,1212
HOLD_PIL_TOG,23:07,23:48,FA,OD,3,3,ER,978,0,1213
RNG_F_IRG_TAF,23:48,00:48,OD,ODp,3,4,ER,978,5,1214
RNG_TAF,23:04,23:34,OD,ODp,3,3,ER,883,5,1215
PERN_RNG_TAF,00:35,01:05,OD,ODp,4,4,MF,489,5,1216
RNG_TAF,01:35,02:05,OD,ODp,4,4,ER,493,5,1217
KLG,04:06,04:26,ODp,ODp,4,4,ER,802,5,1218
RNG,04:26,04:46,ODp,OD,4,4,ER,802,5,1219
KLG,05:00,05:15,ODp,ODp,4,4,ER,2713,5,1220
RNG,05:15,05:35,ODp,OD,4,4,ER,2713,5,1221
HOLD_PIL_TOG,08:38,09:01,FA,VJ,3,3,MF,723,0,1222
PIL_TOG,09:01,10:47,VJ,STR,3,3,MF,723,0,1223
RNG,10:47,11:12,STR,STR,3,3,MF,723,6,1224
HOLD,11:12,11:39,STR,STR,3,3,MF,742,6,1225
KLG,07:24,07:39,STR,STR,3,3,MF,726,6,1226
RNG,07:39,07:59,STR,STR,3,3,MF,726,6,1227
PIL_TOG,07:59,09:56,STR,VJ,3,3,MF,726,0,1228
PIL_TOG,11:01,12:47,VJ,STR,3,3,MF,731,0,1229
RNG,12:47,13:12,STR,STR,3,3,MF,731,6,1230
HOLD,13:12,13:39,STR,STR,3,3,MF,750,6,1231
PIL_TOG,09:56,10:13,VJ,FA,3,3,MF,726,0,1232
HOLD,10:13,10:18,FA,FA,3,3,MF,26,0,1233
HOLD_PIL_TOG,10:38,11:01,FA,VJ,3,3,MF,731,0,1234
PIL_TOG,13:56,14:13,VJ,FA,3,3,MF,742,0,1235
HOLD,14:13,14:18,FA,FA,3,3,MF,42,0,1236
HOLD_PIL_TOG,14:38,15:01,FA,VJ,3,3,MF,747,0,1237
RNG,11:39,11:59,STR,STR,3,3,MF,742,6,1238
PIL_TOG,11:59,13:56,STR,VJ,3,3,MF,742,0,1239
PIL_TOG,15:01,16:47,VJ,STR,3,3,MF,747,0,1240
RNG,16:47,17:12,STR,STR,3,3,MF,747,6,1241
HOLD,17:12,17:39,STR,STR,3,3,MF,766,6,1242
RNG,13:39,13:59,STR,STR,3,3,MF,750,6,1243
PIL_TOG,13:59,15:56,STR,VJ,3,3,MF,750,0,1244
PIL_TOG,15:56,16:13,VJ,FA,3,3,MF,750,0,1245
HOLD,16:13,16:18,FA,FA,3,3,MF,50,0,1246
HOLD_PIL_TOG,18:38,19:01,FA,VJ,3,3,MF,763,0,1247
PIL_TOG,19:01,20:47,VJ,STR,3,3,MF,763,0,1248
RNG_TAF,20:47,21:22,STR,STR,3,3,MF,763,6,1249
RNG,17:39,17:59,STR,STR,3,3,MF,766,6,1250
PIL_TOG,17:59,19:56,STR,VJ,3,3,MF,766,0,1251
PIL_TOG,19:56,20:13,VJ,FA,3,3,MF,766,0,1252
PIL_TOG,06:38,07:42,FA,AR,3,3,MF,15,0,1253
PIL_TOG,09:34,10:40,AR,FA,3,3,MF,383,0,1254
PIL_TOG,10:40,11:42,FA,TE,3,3,MF,383,0,1255
PIL_TOG_PIL_TOG_RNG_HOLD_RNG_PIL_TOG_HOLD_PIL_TOG,05:42,07:14,TE,TE,3,3,MF,5751_5750,0,1256
PIL_TOG,07:14,08:14,TE,FA,3,3,MF,5750,0,1257
PIL_TOG,08:14,09:14,FA,AR,3,3,MF,5750,0,1258
HOLD_PIL_TOG,10:08,11:17,AR,FA,3,3,MF,30,0,1259
HOLD,11:17,11:18,FA,FA,3,3,MF,30,0,1260
HOLD_PIL_TOG,11:38,12:47,FA,TE,3,3,ER,935,0,1261
PIL_TOG_PIL_TOG_RNG_HOLD_RNG_PIL_TOG_HOLD_PIL_TOG,07:42,09:14,TE,TE,3,3,MF,5753_5752,0,1262
PIL_TOG,09:14,10:14,TE,FA,3,3,MF,5752,0,1263
RNG_VENT,10:45,11:04,FA,FAp,3,3,MF,126,4,1264
KLG,12:15,12:30,FAp,FAp,3,3,MF,5759,4,1265
RNG,12:30,12:40,FAp,FA,3,3,MF,5759,4,1266
PIL_TOG,12:40,13:42,FA,TE,3,3,MF,5759,0,1267
PIL_TOG_PIL_TOG_RNG_HOLD_RNG_PIL_TOG_HOLD_PIL_TOG,13:42,15:14,TE,TE,3,3,MF,5759_5758,0,1268
PIL_TOG_PIL_TOG_RNG_HOLD_RNG_PIL_TOG_HOLD_PIL_TOG,09:42,11:14,TE,TE,3,3,MF,5755_5754,0,1269
PIL_TOG,11:14,12:14,TE,FA,3,3,MF,5754,0,1270
RNG_V_IRG_TAF,12:14,13:04,FA,FAp,3,3,MF,5754,4,1271
HOLD_PIL_TOG,15:38,16:47,FA,TE,3,3,ER,951,0,1272
PIL_TOG,16:47,17:22,TE,SDB,3,3,ER,951,0,1273
HOLD_PIL_TOG,17:22,18:08,SDB,TE,3,3,ER,962,0,1274
PIL_TOG,10:47,11:22,TE,SDB,3,3,ER,927,0,1275
HOLD_PIL_TOG,11:22,12:08,SDB,TE,3,3,ER,938,0,1276
PIL_TOG,12:08,13:07,TE,FA,3,3,ER,938,0,1277
HOLD_PIL_TOG,13:38,14:47,FA,TE,3,3,ER,943,0,1278
PIL_TOG,16:08,17:07,TE,FA,3,3,ER,954,0,1279
RNG,17:07,17:15,FA,FAp,3,3,ER,954,4,1280
PIL_TOG,11:42,11:53,TE,PA,3,3,MF,383,0,1281
HOLD_PIL_TOG,13:00,13:14,PA,TE,3,3,MF,386,0,1282
PIL_TOG,13:14,14:14,TE,FA,3,3,MF,386,0,1283
PIL_TOG,15:38,16:42,FA,AR,3,3,MF,51,0,1284
PIL_TOG,17:34,18:40,AR,FA,3,3,MF,5765,0,1285
PIL_TOG,14:47,15:22,TE,SDB,3,3,ER,943,0,1286
HOLD_PIL_TOG,15:22,16:08,SDB,TE,3,3,ER,954,0,1287
PIL_TOG,18:08,19:07,TE,FA,3,3,ER,962,0,1288
HOLD_PIL_TOG,19:38,20:47,FA,TE,3,3,ER,967,0,1289
PIL_TOG,20:47,21:22,TE,SDB,3,3,ER,967,0,1290
HOLD_PIL_TOG,21:22,22:08,SDB,TE,3,3,ER,978,0,1291
PIL_TOG,15:14,16:14,TE,FA,3,3,MF,5758,0,1292
RNG,16:14,16:29,FA,FAp,3,3,MF,5758,4,1293
HOLD,16:29,16:30,FAp,FAp,3,3,MF,5763,4,1294
RNG,16:30,16:40,FAp,FA,3,3,MF,5763,4,1295
PIL_TOG,16:40,17:42,FA,TE,3,3,MF,5763,0,1296
PIL_TOG,19:14,20:14,TE,FA,3,3,MF,5762,0,1297
RNG,20:14,20:29,FA,FAp,3,3,MF,5762,4,1298
HOLD,20:29,20:30,FAp,FAp,3,3,MF,5767,4,1299
RNG,20:30,20:40,FAp,FA,3,3,MF,5767,4,1300
PIL_TOG,20:40,21:42,FA,TE,3,3,MF,5767,0,1301
PIL_TOG_PIL_TOG_RNG_HOLD_RNG_PIL_TOG_HOLD_PIL_TOG,21:42,23:14,PA,PA,3,3,MF,5767_5766,0,1302
PIL_TOG_PIL_TOG_RNG_HOLD_RNG_PIL_TOG_HOLD_PIL_TOG,17:42,19:14,TE,TE,3,3,MF,5763_5762,0,1303
PIL_TOG_PIL_TOG_RNG_HOLD_RNG_PIL_TOG_HOLD_PIL_TOG,19:42,21:14,TE,TE,3,3,MF,5765_5764,0,1304
PIL_TOG,22:08,23:07,TE,FA,3,3,ER,978,0,1305
PIL_TOG,22:47,23:22,TE,SDB,3,3,ER,975,0,1306
RNG_TAF,23:22,23:42,SDB,SDB,3,3,ER,975,0,1307
KLG,05:10,05:25,SDB,SDB,4,4,ER,914,0,1308
RNG,05:25,05:30,SDB,SDB,4,4,ER,914,0,1309
PIL_TOG,05:30,06:08,SDB,TE,4,4,ER,914,0,1310
